-- phpMyAdmin SQL Dump
-- version 5.2.1
-- https://www.phpmyadmin.net/
--
-- Host: 127.0.0.1
-- Generation Time: Feb 02, 2024 at 11:44 AM
-- Server version: 10.4.28-MariaDB
-- PHP Version: 8.2.4

SET SQL_MODE = "NO_AUTO_VALUE_ON_ZERO";
START TRANSACTION;
SET time_zone = "+00:00";



/*!40101 SET @OLD_CHARACTER_SET_CLIENT=@@CHARACTER_SET_CLIENT */;
/*!40101 SET @OLD_CHARACTER_SET_RESULTS=@@CHARACTER_SET_RESULTS */;
/*!40101 SET @OLD_COLLATION_CONNECTION=@@COLLATION_CONNECTION */;
/*!40101 SET NAMES utf8mb4 */;

--
-- Database: `ocrsdb`
--

-- --------------------------------------------------------

--
-- Table structure for table `assessments`
--

CREATE TABLE `assessments` (
  `id` bigint(20) UNSIGNED NOT NULL,
  `subject_id` bigint(20) UNSIGNED NOT NULL,
  `grading_period` varchar(255) NOT NULL,
  `type` varchar(255) NOT NULL,
  `description` varchar(255) NOT NULL,
  `max_points` decimal(5,2) DEFAULT NULL,
  `subject_type` varchar(255) NOT NULL,
  `activity_date` date DEFAULT NULL,
  `published` tinyint(1) NOT NULL DEFAULT 0,
  `published_at` timestamp NULL DEFAULT NULL,
  `created_at` timestamp NULL DEFAULT NULL,
  `updated_at` timestamp NULL DEFAULT NULL
) ENGINE=InnoDB DEFAULT CHARSET=utf8mb4 COLLATE=utf8mb4_unicode_ci;

--
-- Dumping data for table `assessments`
--

INSERT INTO `assessments` (`id`, `subject_id`, `grading_period`, `type`, `description`, `max_points`, `subject_type`, `activity_date`, `published`, `published_at`, `created_at`, `updated_at`) VALUES
(1, 1, 'First Grading', 'Quiz', 'Quiz on Lecture No. 1', 15.00, 'LecLab4060', '2024-01-25', 0, NULL, '2024-01-25 00:46:10', '2024-01-25 00:46:10'),
(2, 1, 'First Grading', 'OtherActivity', 'Assignment 1', 10.00, 'LecLab4060', '2024-01-26', 0, NULL, '2024-01-25 01:06:15', '2024-01-25 01:06:15'),
(3, 1, 'First Grading', 'Exam', 'First Grading Examination', 100.00, 'LecLab4060', '2024-01-25', 0, NULL, '2024-01-25 01:06:28', '2024-01-25 01:06:28'),
(4, 1, 'First Grading', 'Lab Activity', 'Laboratory Excercise 1', 10.00, 'LecLab4060', '2024-01-26', 0, NULL, '2024-01-25 01:06:41', '2024-01-25 01:06:41'),
(5, 1, 'First Grading', 'Lab Exam', 'Laboratory Examination', 100.00, 'LecLab4060', '2024-01-26', 0, NULL, '2024-01-25 01:06:52', '2024-01-25 01:06:52'),
(6, 1, 'Midterm', 'Quiz', 'Quiz on Lecture No. 1', 10.00, 'LecLab4060', '2024-01-25', 0, NULL, '2024-01-26 01:56:55', '2024-01-26 01:56:55'),
(7, 1, 'Midterm', 'OtherActivity', 'Assignment 1', 10.00, 'LecLab4060', '2024-01-24', 0, NULL, '2024-01-26 01:57:13', '2024-01-26 01:57:13'),
(8, 1, 'Midterm', 'Exam', 'Midterms Examination', 100.00, 'LecLab4060', '2024-01-25', 0, NULL, '2024-01-26 01:57:27', '2024-01-26 01:57:27'),
(9, 1, 'Midterm', 'Lab Activity', 'Laboratory Excercise 1', 10.00, 'LecLab4060', '2024-01-31', 0, NULL, '2024-01-26 01:57:52', '2024-01-26 01:57:52'),
(10, 1, 'Midterm', 'Lab Exam', 'Laboratory Examination', 100.00, 'LecLab4060', '2024-01-23', 0, NULL, '2024-01-26 01:58:04', '2024-01-26 01:58:04'),
(11, 1, 'Finals', 'Quiz', 'Quiz on Lecture No. 1', 10.00, 'LecLab4060', '2024-01-26', 0, NULL, '2024-01-26 04:37:26', '2024-01-26 04:37:26'),
(12, 1, 'Finals', 'OtherActivity', 'Assignment 1', 15.00, 'LecLab4060', '2024-01-31', 0, NULL, '2024-01-26 04:37:49', '2024-01-26 04:37:49'),
(13, 1, 'Finals', 'Exam', 'Finals Examination', 100.00, 'LecLab4060', '2024-01-31', 0, NULL, '2024-01-26 04:38:01', '2024-01-26 04:38:01'),
(14, 1, 'Finals', 'Lab Activity', 'Laboratory Excercise 1', 15.00, 'LecLab4060', '2024-01-23', 0, NULL, '2024-01-26 04:38:18', '2024-01-26 04:38:18'),
(15, 1, 'Finals', 'Lab Exam', 'Laboratory Examination', 100.00, 'LecLab4060', '2024-01-24', 0, NULL, '2024-01-26 04:38:35', '2024-01-26 04:38:35');

-- --------------------------------------------------------

--
-- Table structure for table `assessment_descriptions`
--

CREATE TABLE `assessment_descriptions` (
  `id` bigint(20) UNSIGNED NOT NULL,
  `type` varchar(255) NOT NULL,
  `description` varchar(255) NOT NULL,
  `created_at` timestamp NULL DEFAULT NULL,
  `updated_at` timestamp NULL DEFAULT NULL
) ENGINE=InnoDB DEFAULT CHARSET=utf8mb4 COLLATE=utf8mb4_unicode_ci;

--
-- Dumping data for table `assessment_descriptions`
--

INSERT INTO `assessment_descriptions` (`id`, `type`, `description`, `created_at`, `updated_at`) VALUES
(1, 'Quiz', 'Quiz on Lecture No. 1', '2024-01-15 18:23:40', '2024-01-15 18:23:40'),
(2, 'Quiz', 'Quiz on Lecture No. 2', '2024-01-15 18:23:47', '2024-01-15 18:23:47'),
(3, 'Quiz', 'Quiz on Lecture No. 3', '2024-01-15 18:23:59', '2024-01-15 18:23:59'),
(4, 'OtherActivity', 'Assignment 1', '2024-01-15 18:24:06', '2024-01-15 18:24:06'),
(5, 'OtherActivity', 'Assignment 2', '2024-01-15 18:24:13', '2024-01-15 18:24:13'),
(6, 'OtherActivity', 'Seat work 1', '2024-01-15 18:24:32', '2024-01-15 18:24:32'),
(7, 'Exam', 'First Grading Examination', '2024-01-15 18:24:43', '2024-01-15 18:24:43'),
(8, 'Exam', 'Midterms Examination', '2024-01-15 18:24:57', '2024-01-15 18:24:57'),
(9, 'Exam', 'Finals Examination', '2024-01-15 18:25:06', '2024-01-15 18:25:06'),
(10, 'Lab Activity', 'Laboratory Excercise 1', '2024-01-15 18:25:15', '2024-01-15 18:25:15'),
(11, 'Lab Activity', 'Laboratory Excercise 2', '2024-01-15 18:25:23', '2024-01-15 18:25:23'),
(12, 'Lab Exam', 'Laboratory Examination', '2024-01-15 18:25:32', '2024-01-15 18:25:32'),
(13, 'Additional Points Quiz', 'Bonus points for Overall Quiz', '2024-01-17 04:40:24', '2024-01-17 04:40:24'),
(14, 'Additional Points OT', 'Bonus points for Overall OT', '2024-01-17 04:40:35', '2024-01-17 04:40:35'),
(15, 'Additional Points Exam', 'Bonus points for Exam', '2024-01-17 04:40:51', '2024-01-17 04:40:51'),
(16, 'Additional Points Lab', 'Bonus points for Overall Lab Activities', '2024-01-17 04:41:18', '2024-01-17 04:41:18'),
(17, 'Direct Bonus Grade', 'Direct Bonus Grade', '2024-01-17 04:42:22', '2024-01-17 04:42:22');

-- --------------------------------------------------------

--
-- Table structure for table `enrolled_students`
--

CREATE TABLE `enrolled_students` (
  `id` bigint(20) UNSIGNED NOT NULL,
  `student_id` bigint(20) UNSIGNED NOT NULL,
  `imported_classlist_id` bigint(20) UNSIGNED NOT NULL,
  `created_at` timestamp NULL DEFAULT NULL,
  `updated_at` timestamp NULL DEFAULT NULL
) ENGINE=InnoDB DEFAULT CHARSET=utf8mb4 COLLATE=utf8mb4_unicode_ci;

--
-- Dumping data for table `enrolled_students`
--

INSERT INTO `enrolled_students` (`id`, `student_id`, `imported_classlist_id`, `created_at`, `updated_at`) VALUES
(1, 4, 1, '2024-01-15 18:27:40', '2024-01-15 18:27:40'),
(2, 5, 1, '2024-01-15 18:27:40', '2024-01-15 18:27:40'),
(3, 6, 1, '2024-01-15 18:27:40', '2024-01-15 18:27:40'),
(4, 7, 1, '2024-01-15 18:27:40', '2024-01-15 18:27:40'),
(5, 8, 1, '2024-01-15 18:27:40', '2024-01-15 18:27:40'),
(6, 9, 1, '2024-01-15 18:27:40', '2024-01-15 18:27:40'),
(7, 10, 1, '2024-01-15 18:27:40', '2024-01-15 18:27:40'),
(8, 11, 1, '2024-01-15 18:27:40', '2024-01-15 18:27:40'),
(9, 12, 1, '2024-01-15 18:27:40', '2024-01-15 18:27:40'),
(10, 13, 1, '2024-01-15 18:27:40', '2024-01-15 18:27:40'),
(11, 14, 1, '2024-01-15 18:27:40', '2024-01-15 18:27:40'),
(12, 15, 1, '2024-01-15 18:27:40', '2024-01-15 18:27:40'),
(13, 16, 1, '2024-01-15 18:27:40', '2024-01-15 18:27:40'),
(14, 17, 1, '2024-01-15 18:27:40', '2024-01-15 18:27:40'),
(15, 18, 1, '2024-01-15 18:27:40', '2024-01-15 18:27:40'),
(16, 19, 1, '2024-01-15 18:27:40', '2024-01-15 18:27:40'),
(17, 20, 1, '2024-01-15 18:27:41', '2024-01-15 18:27:41'),
(18, 21, 1, '2024-01-15 18:27:41', '2024-01-15 18:27:41'),
(19, 22, 1, '2024-01-15 18:27:41', '2024-01-15 18:27:41'),
(20, 23, 1, '2024-01-15 18:27:41', '2024-01-15 18:27:41'),
(21, 24, 1, '2024-01-15 18:27:41', '2024-01-15 18:27:41'),
(22, 4, 2, '2024-01-18 00:09:43', '2024-01-18 00:09:43'),
(23, 5, 2, '2024-01-18 00:09:43', '2024-01-18 00:09:43'),
(24, 6, 2, '2024-01-18 00:09:43', '2024-01-18 00:09:43'),
(25, 7, 2, '2024-01-18 00:09:43', '2024-01-18 00:09:43'),
(26, 8, 2, '2024-01-18 00:09:43', '2024-01-18 00:09:43'),
(27, 9, 2, '2024-01-18 00:09:44', '2024-01-18 00:09:44'),
(28, 10, 2, '2024-01-18 00:09:44', '2024-01-18 00:09:44'),
(29, 11, 2, '2024-01-18 00:09:45', '2024-01-18 00:09:45'),
(30, 12, 2, '2024-01-18 00:09:45', '2024-01-18 00:09:45'),
(31, 13, 2, '2024-01-18 00:09:45', '2024-01-18 00:09:45'),
(32, 14, 2, '2024-01-18 00:09:45', '2024-01-18 00:09:45'),
(33, 15, 2, '2024-01-18 00:09:45', '2024-01-18 00:09:45'),
(34, 16, 2, '2024-01-18 00:09:45', '2024-01-18 00:09:45'),
(35, 17, 2, '2024-01-18 00:09:45', '2024-01-18 00:09:45'),
(36, 18, 2, '2024-01-18 00:09:45', '2024-01-18 00:09:45'),
(37, 19, 2, '2024-01-18 00:09:45', '2024-01-18 00:09:45'),
(38, 20, 2, '2024-01-18 00:09:45', '2024-01-18 00:09:45'),
(39, 21, 2, '2024-01-18 00:09:45', '2024-01-18 00:09:45'),
(40, 22, 2, '2024-01-18 00:09:45', '2024-01-18 00:09:45'),
(41, 23, 2, '2024-01-18 00:09:45', '2024-01-18 00:09:45'),
(42, 24, 2, '2024-01-18 00:09:45', '2024-01-18 00:09:45'),
(43, 4, 3, '2024-01-23 18:43:17', '2024-01-23 18:43:17'),
(44, 5, 3, '2024-01-23 18:43:17', '2024-01-23 18:43:17'),
(45, 6, 3, '2024-01-23 18:43:17', '2024-01-23 18:43:17'),
(46, 7, 3, '2024-01-23 18:43:17', '2024-01-23 18:43:17'),
(47, 8, 3, '2024-01-23 18:43:17', '2024-01-23 18:43:17'),
(48, 9, 3, '2024-01-23 18:43:17', '2024-01-23 18:43:17'),
(49, 10, 3, '2024-01-23 18:43:17', '2024-01-23 18:43:17'),
(50, 11, 3, '2024-01-23 18:43:17', '2024-01-23 18:43:17'),
(51, 12, 3, '2024-01-23 18:43:17', '2024-01-23 18:43:17'),
(52, 13, 3, '2024-01-23 18:43:17', '2024-01-23 18:43:17'),
(53, 14, 3, '2024-01-23 18:43:17', '2024-01-23 18:43:17'),
(54, 15, 3, '2024-01-23 18:43:17', '2024-01-23 18:43:17'),
(55, 22, 3, '2024-01-23 18:43:18', '2024-01-23 18:43:18'),
(56, 23, 3, '2024-01-23 18:43:18', '2024-01-23 18:43:18'),
(57, 24, 3, '2024-01-23 18:43:18', '2024-01-23 18:43:18');

-- --------------------------------------------------------

--
-- Table structure for table `failed_jobs`
--

CREATE TABLE `failed_jobs` (
  `id` bigint(20) UNSIGNED NOT NULL,
  `uuid` varchar(255) NOT NULL,
  `connection` text NOT NULL,
  `queue` text NOT NULL,
  `payload` longtext NOT NULL,
  `exception` longtext NOT NULL,
  `failed_at` timestamp NOT NULL DEFAULT current_timestamp()
) ENGINE=InnoDB DEFAULT CHARSET=utf8mb4 COLLATE=utf8mb4_unicode_ci;

-- --------------------------------------------------------

--
-- Table structure for table `grades`
--

CREATE TABLE `grades` (
  `id` bigint(20) UNSIGNED NOT NULL,
  `enrolled_student_id` bigint(20) UNSIGNED NOT NULL,
  `assessment_id` bigint(20) UNSIGNED DEFAULT NULL,
  `points` varchar(255) DEFAULT NULL,
  `fg_grade` int(11) DEFAULT NULL,
  `midterms_grade` int(11) DEFAULT NULL,
  `finals_grade` int(11) DEFAULT NULL,
  `published` tinyint(1) NOT NULL DEFAULT 0,
  `published_midterms` tinyint(1) DEFAULT 0,
  `published_finals` tinyint(1) DEFAULT 0,
  `status` varchar(255) DEFAULT NULL,
  `midterms_status` varchar(255) DEFAULT NULL,
  `finals_status` varchar(255) DEFAULT NULL,
  `created_at` timestamp NULL DEFAULT NULL,
  `updated_at` timestamp NULL DEFAULT NULL
) ENGINE=InnoDB DEFAULT CHARSET=utf8mb4 COLLATE=utf8mb4_unicode_ci;

--
-- Dumping data for table `grades`
--

INSERT INTO `grades` (`id`, `enrolled_student_id`, `assessment_id`, `points`, `fg_grade`, `midterms_grade`, `finals_grade`, `published`, `published_midterms`, `published_finals`, `status`, `midterms_status`, `finals_status`, `created_at`, `updated_at`) VALUES
(1, 1, 1, '10', NULL, NULL, NULL, 0, 0, 0, NULL, NULL, NULL, '2024-01-25 01:07:10', '2024-01-25 01:07:10'),
(2, 1, NULL, NULL, 80, 79, 80, 0, 0, 0, 'DEFAULT', 'DEFAULT', 'DEFAULT', '2024-01-25 01:07:10', '2024-01-31 04:30:56'),
(3, 1, 2, '5', NULL, NULL, NULL, 0, 0, 0, NULL, NULL, NULL, '2024-01-25 01:07:10', '2024-01-25 01:07:10'),
(4, 1, 3, '89', NULL, NULL, NULL, 0, 0, 0, NULL, NULL, NULL, '2024-01-25 01:07:10', '2024-01-25 01:07:10'),
(5, 1, 4, '9', NULL, NULL, NULL, 0, 0, 0, NULL, NULL, NULL, '2024-01-25 01:07:10', '2024-01-25 01:07:10'),
(6, 1, 5, '78', NULL, NULL, NULL, 0, 0, 0, NULL, NULL, NULL, '2024-01-25 01:07:10', '2024-01-25 01:07:10'),
(7, 2, 1, NULL, NULL, NULL, NULL, 0, 0, 0, NULL, NULL, NULL, '2024-01-25 01:07:11', '2024-01-25 01:07:11'),
(8, 2, NULL, NULL, 65, 65, 70, 0, 0, 0, 'DEFAULT', 'DEFAULT', 'DRP', '2024-01-25 01:07:11', '2024-02-01 04:12:35'),
(9, 2, 2, NULL, NULL, NULL, NULL, 0, 0, 0, NULL, NULL, NULL, '2024-01-25 01:07:11', '2024-01-25 01:07:11'),
(10, 2, 3, NULL, NULL, NULL, NULL, 0, 0, 0, NULL, NULL, NULL, '2024-01-25 01:07:11', '2024-01-25 01:07:11'),
(11, 2, 4, NULL, NULL, NULL, NULL, 0, 0, 0, NULL, NULL, NULL, '2024-01-25 01:07:11', '2024-01-25 01:07:11'),
(12, 2, 5, NULL, NULL, NULL, NULL, 0, 0, 0, NULL, NULL, NULL, '2024-01-25 01:07:11', '2024-01-25 01:07:11'),
(13, 3, 1, NULL, NULL, NULL, NULL, 0, 0, 0, NULL, NULL, NULL, '2024-01-25 01:07:11', '2024-01-25 01:07:11'),
(14, 3, NULL, NULL, 65, 65, 70, 0, 0, 0, 'DEFAULT', 'DEFAULT', 'NFE', '2024-01-25 01:07:11', '2024-02-01 04:34:22'),
(15, 3, 2, NULL, NULL, NULL, NULL, 0, 0, 0, NULL, NULL, NULL, '2024-01-25 01:07:11', '2024-01-25 01:07:11'),
(16, 3, 3, NULL, NULL, NULL, NULL, 0, 0, 0, NULL, NULL, NULL, '2024-01-25 01:07:11', '2024-01-25 01:07:11'),
(17, 3, 4, NULL, NULL, NULL, NULL, 0, 0, 0, NULL, NULL, NULL, '2024-01-25 01:07:11', '2024-01-25 01:07:11'),
(18, 3, 5, NULL, NULL, NULL, NULL, 0, 0, 0, NULL, NULL, NULL, '2024-01-25 01:07:12', '2024-01-25 01:07:12'),
(19, 4, 1, NULL, NULL, NULL, NULL, 0, 0, 0, NULL, NULL, NULL, '2024-01-25 01:07:12', '2024-01-25 01:07:12'),
(20, 4, NULL, NULL, 65, 65, 70, 0, 0, 0, 'DEFAULT', 'DEFAULT', 'DEFAULT', '2024-01-25 01:07:12', '2024-02-02 01:34:48'),
(21, 4, 2, NULL, NULL, NULL, NULL, 0, 0, 0, NULL, NULL, NULL, '2024-01-25 01:07:12', '2024-01-25 01:07:12'),
(22, 4, 3, NULL, NULL, NULL, NULL, 0, 0, 0, NULL, NULL, NULL, '2024-01-25 01:07:12', '2024-01-25 01:07:12'),
(23, 4, 4, NULL, NULL, NULL, NULL, 0, 0, 0, NULL, NULL, NULL, '2024-01-25 01:07:12', '2024-01-25 01:07:12'),
(24, 4, 5, NULL, NULL, NULL, NULL, 0, 0, 0, NULL, NULL, NULL, '2024-01-25 01:07:12', '2024-01-25 01:07:12'),
(25, 5, 1, NULL, NULL, NULL, NULL, 0, 0, 0, NULL, NULL, NULL, '2024-01-25 01:07:12', '2024-01-25 01:07:12'),
(26, 5, NULL, NULL, 65, 65, 70, 0, 0, 0, 'DEFAULT', 'DEFAULT', 'DEFAULT', '2024-01-25 01:07:12', '2024-02-02 01:34:51'),
(27, 5, 2, NULL, NULL, NULL, NULL, 0, 0, 0, NULL, NULL, NULL, '2024-01-25 01:07:12', '2024-01-25 01:07:12'),
(28, 5, 3, NULL, NULL, NULL, NULL, 0, 0, 0, NULL, NULL, NULL, '2024-01-25 01:07:12', '2024-01-25 01:07:12'),
(29, 5, 4, NULL, NULL, NULL, NULL, 0, 0, 0, NULL, NULL, NULL, '2024-01-25 01:07:12', '2024-01-25 01:07:12'),
(30, 5, 5, NULL, NULL, NULL, NULL, 0, 0, 0, NULL, NULL, NULL, '2024-01-25 01:07:12', '2024-01-25 01:07:12'),
(31, 6, 1, NULL, NULL, NULL, NULL, 0, 0, 0, NULL, NULL, NULL, '2024-01-25 01:07:12', '2024-01-25 01:07:12'),
(32, 6, NULL, NULL, 65, 65, 70, 0, 0, 0, 'DEFAULT', 'DEFAULT', 'DEFAULT', '2024-01-25 01:07:12', '2024-02-02 01:34:54'),
(33, 6, 2, NULL, NULL, NULL, NULL, 0, 0, 0, NULL, NULL, NULL, '2024-01-25 01:07:12', '2024-01-25 01:07:12'),
(34, 6, 3, NULL, NULL, NULL, NULL, 0, 0, 0, NULL, NULL, NULL, '2024-01-25 01:07:12', '2024-01-25 01:07:12'),
(35, 6, 4, NULL, NULL, NULL, NULL, 0, 0, 0, NULL, NULL, NULL, '2024-01-25 01:07:13', '2024-01-25 01:07:13'),
(36, 6, 5, NULL, NULL, NULL, NULL, 0, 0, 0, NULL, NULL, NULL, '2024-01-25 01:07:13', '2024-01-25 01:07:13'),
(37, 7, 1, NULL, NULL, NULL, NULL, 0, 0, 0, NULL, NULL, NULL, '2024-01-25 01:07:13', '2024-01-25 01:07:13'),
(38, 7, NULL, NULL, 65, 65, 70, 0, 0, 0, 'DEFAULT', 'DEFAULT', 'DEFAULT', '2024-01-25 01:07:13', '2024-02-02 01:34:57'),
(39, 7, 2, NULL, NULL, NULL, NULL, 0, 0, 0, NULL, NULL, NULL, '2024-01-25 01:07:13', '2024-01-25 01:07:13'),
(40, 7, 3, NULL, NULL, NULL, NULL, 0, 0, 0, NULL, NULL, NULL, '2024-01-25 01:07:13', '2024-01-25 01:07:13'),
(41, 7, 4, NULL, NULL, NULL, NULL, 0, 0, 0, NULL, NULL, NULL, '2024-01-25 01:07:13', '2024-01-25 01:07:13'),
(42, 7, 5, NULL, NULL, NULL, NULL, 0, 0, 0, NULL, NULL, NULL, '2024-01-25 01:07:13', '2024-01-25 01:07:13'),
(43, 8, 1, NULL, NULL, NULL, NULL, 0, 0, 0, NULL, NULL, NULL, '2024-01-25 01:07:13', '2024-01-25 01:07:13'),
(44, 8, NULL, NULL, 65, 65, 70, 0, 0, 0, 'DEFAULT', 'DEFAULT', 'DEFAULT', '2024-01-25 01:07:13', '2024-01-27 00:59:52'),
(45, 8, 2, NULL, NULL, NULL, NULL, 0, 0, 0, NULL, NULL, NULL, '2024-01-25 01:07:13', '2024-01-25 01:07:13'),
(46, 8, 3, NULL, NULL, NULL, NULL, 0, 0, 0, NULL, NULL, NULL, '2024-01-25 01:07:13', '2024-01-25 01:07:13'),
(47, 8, 4, NULL, NULL, NULL, NULL, 0, 0, 0, NULL, NULL, NULL, '2024-01-25 01:07:13', '2024-01-25 01:07:13'),
(48, 8, 5, NULL, NULL, NULL, NULL, 0, 0, 0, NULL, NULL, NULL, '2024-01-25 01:07:13', '2024-01-25 01:07:13'),
(49, 9, 1, NULL, NULL, NULL, NULL, 0, 0, 0, NULL, NULL, NULL, '2024-01-25 01:07:13', '2024-01-25 01:07:13'),
(50, 9, NULL, NULL, 65, 65, 70, 0, 0, 0, 'DEFAULT', 'DEFAULT', 'DEFAULT', '2024-01-25 01:07:13', '2024-02-02 01:26:37'),
(51, 9, 2, NULL, NULL, NULL, NULL, 0, 0, 0, NULL, NULL, NULL, '2024-01-25 01:07:14', '2024-01-25 01:07:14'),
(52, 9, 3, NULL, NULL, NULL, NULL, 0, 0, 0, NULL, NULL, NULL, '2024-01-25 01:07:14', '2024-01-25 01:07:14'),
(53, 9, 4, NULL, NULL, NULL, NULL, 0, 0, 0, NULL, NULL, NULL, '2024-01-25 01:07:14', '2024-01-25 01:07:14'),
(54, 9, 5, NULL, NULL, NULL, NULL, 0, 0, 0, NULL, NULL, NULL, '2024-01-25 01:07:14', '2024-01-25 01:07:14'),
(55, 10, 1, NULL, NULL, NULL, NULL, 0, 0, 0, NULL, NULL, NULL, '2024-01-25 01:07:14', '2024-01-25 01:07:14'),
(56, 10, NULL, NULL, 65, 65, 70, 0, 0, 0, 'DEFAULT', 'DEFAULT', 'DEFAULT', '2024-01-25 01:07:14', '2024-02-02 01:26:40'),
(57, 10, 2, NULL, NULL, NULL, NULL, 0, 0, 0, NULL, NULL, NULL, '2024-01-25 01:07:14', '2024-01-25 01:07:14'),
(58, 10, 3, NULL, NULL, NULL, NULL, 0, 0, 0, NULL, NULL, NULL, '2024-01-25 01:07:14', '2024-01-25 01:07:14'),
(59, 10, 4, NULL, NULL, NULL, NULL, 0, 0, 0, NULL, NULL, NULL, '2024-01-25 01:07:14', '2024-01-25 01:07:14'),
(60, 10, 5, NULL, NULL, NULL, NULL, 0, 0, 0, NULL, NULL, NULL, '2024-01-25 01:07:14', '2024-01-25 01:07:14'),
(61, 11, 1, NULL, NULL, NULL, NULL, 0, 0, 0, NULL, NULL, NULL, '2024-01-25 01:07:14', '2024-01-25 01:07:14'),
(62, 11, NULL, NULL, 65, 65, 70, 0, 0, 0, 'DEFAULT', 'DEFAULT', 'DEFAULT', '2024-01-25 01:07:14', '2024-02-02 01:26:43'),
(63, 11, 2, NULL, NULL, NULL, NULL, 0, 0, 0, NULL, NULL, NULL, '2024-01-25 01:07:14', '2024-01-25 01:07:14'),
(64, 11, 3, NULL, NULL, NULL, NULL, 0, 0, 0, NULL, NULL, NULL, '2024-01-25 01:07:14', '2024-01-25 01:07:14'),
(65, 11, 4, NULL, NULL, NULL, NULL, 0, 0, 0, NULL, NULL, NULL, '2024-01-25 01:07:14', '2024-01-25 01:07:14'),
(66, 11, 5, NULL, NULL, NULL, NULL, 0, 0, 0, NULL, NULL, NULL, '2024-01-25 01:07:14', '2024-01-25 01:07:14'),
(67, 12, 1, NULL, NULL, NULL, NULL, 0, 0, 0, NULL, NULL, NULL, '2024-01-25 01:07:14', '2024-01-25 01:07:14'),
(68, 12, NULL, NULL, 65, 65, 70, 0, 0, 0, 'DEFAULT', 'DEFAULT', 'DEFAULT', '2024-01-25 01:07:15', '2024-02-02 01:26:46'),
(69, 12, 2, NULL, NULL, NULL, NULL, 0, 0, 0, NULL, NULL, NULL, '2024-01-25 01:07:15', '2024-01-25 01:07:15'),
(70, 12, 3, NULL, NULL, NULL, NULL, 0, 0, 0, NULL, NULL, NULL, '2024-01-25 01:07:15', '2024-01-25 01:07:15'),
(71, 12, 4, NULL, NULL, NULL, NULL, 0, 0, 0, NULL, NULL, NULL, '2024-01-25 01:07:15', '2024-01-25 01:07:15'),
(72, 12, 5, NULL, NULL, NULL, NULL, 0, 0, 0, NULL, NULL, NULL, '2024-01-25 01:07:15', '2024-01-25 01:07:15'),
(73, 13, 1, NULL, NULL, NULL, NULL, 0, 0, 0, NULL, NULL, NULL, '2024-01-25 01:07:15', '2024-01-25 01:07:15'),
(74, 13, NULL, NULL, 65, 65, 70, 0, 0, 0, 'DEFAULT', 'DEFAULT', 'DEFAULT', '2024-01-25 01:07:15', '2024-02-02 01:26:49'),
(75, 13, 2, NULL, NULL, NULL, NULL, 0, 0, 0, NULL, NULL, NULL, '2024-01-25 01:07:15', '2024-01-25 01:07:15'),
(76, 13, 3, NULL, NULL, NULL, NULL, 0, 0, 0, NULL, NULL, NULL, '2024-01-25 01:07:15', '2024-01-25 01:07:15'),
(77, 13, 4, NULL, NULL, NULL, NULL, 0, 0, 0, NULL, NULL, NULL, '2024-01-25 01:07:15', '2024-01-25 01:07:15'),
(78, 13, 5, NULL, NULL, NULL, NULL, 0, 0, 0, NULL, NULL, NULL, '2024-01-25 01:07:15', '2024-01-25 01:07:15'),
(79, 14, 1, NULL, NULL, NULL, NULL, 0, 0, 0, NULL, NULL, NULL, '2024-01-25 01:07:15', '2024-01-25 01:07:15'),
(80, 14, NULL, NULL, 65, 65, 70, 0, 0, 0, 'DEFAULT', 'DEFAULT', 'DEFAULT', '2024-01-25 01:07:15', '2024-02-02 01:26:52'),
(81, 14, 2, NULL, NULL, NULL, NULL, 0, 0, 0, NULL, NULL, NULL, '2024-01-25 01:07:15', '2024-01-25 01:07:15'),
(82, 14, 3, NULL, NULL, NULL, NULL, 0, 0, 0, NULL, NULL, NULL, '2024-01-25 01:07:15', '2024-01-25 01:07:15'),
(83, 14, 4, NULL, NULL, NULL, NULL, 0, 0, 0, NULL, NULL, NULL, '2024-01-25 01:07:15', '2024-01-25 01:07:15'),
(84, 14, 5, NULL, NULL, NULL, NULL, 0, 0, 0, NULL, NULL, NULL, '2024-01-25 01:07:16', '2024-01-25 01:07:16'),
(85, 15, 1, NULL, NULL, NULL, NULL, 0, 0, 0, NULL, NULL, NULL, '2024-01-25 01:07:16', '2024-01-25 01:07:16'),
(86, 15, NULL, NULL, 65, 65, 70, 0, 0, 0, 'DEFAULT', NULL, 'DEFAULT', '2024-01-25 01:07:16', '2024-02-02 01:26:55'),
(87, 15, 2, NULL, NULL, NULL, NULL, 0, 0, 0, NULL, NULL, NULL, '2024-01-25 01:07:16', '2024-01-25 01:07:16'),
(88, 15, 3, NULL, NULL, NULL, NULL, 0, 0, 0, NULL, NULL, NULL, '2024-01-25 01:07:16', '2024-01-25 01:07:16'),
(89, 15, 4, NULL, NULL, NULL, NULL, 0, 0, 0, NULL, NULL, NULL, '2024-01-25 01:07:16', '2024-01-25 01:07:16'),
(90, 15, 5, NULL, NULL, NULL, NULL, 0, 0, 0, NULL, NULL, NULL, '2024-01-25 01:07:16', '2024-01-25 01:07:16'),
(91, 16, 1, NULL, NULL, NULL, NULL, 0, 0, 0, NULL, NULL, NULL, '2024-01-25 01:07:16', '2024-01-25 01:07:16'),
(92, 16, NULL, NULL, 65, 65, 70, 0, 0, 0, 'DEFAULT', NULL, 'DEFAULT', '2024-01-25 01:07:16', '2024-02-02 01:26:58'),
(93, 16, 2, NULL, NULL, NULL, NULL, 0, 0, 0, NULL, NULL, NULL, '2024-01-25 01:07:16', '2024-01-25 01:07:16'),
(94, 16, 3, NULL, NULL, NULL, NULL, 0, 0, 0, NULL, NULL, NULL, '2024-01-25 01:07:16', '2024-01-25 01:07:16'),
(95, 16, 4, NULL, NULL, NULL, NULL, 0, 0, 0, NULL, NULL, NULL, '2024-01-25 01:07:16', '2024-01-25 01:07:16'),
(96, 16, 5, NULL, NULL, NULL, NULL, 0, 0, 0, NULL, NULL, NULL, '2024-01-25 01:07:16', '2024-01-25 01:07:16'),
(97, 17, 1, NULL, NULL, NULL, NULL, 0, 0, 0, NULL, NULL, NULL, '2024-01-25 01:07:16', '2024-01-25 01:07:16'),
(98, 17, NULL, NULL, 65, 65, 70, 0, 0, 0, NULL, NULL, 'DEFAULT', '2024-01-25 01:07:16', '2024-02-02 01:27:01'),
(99, 17, 2, NULL, NULL, NULL, NULL, 0, 0, 0, NULL, NULL, NULL, '2024-01-25 01:07:16', '2024-01-25 01:07:16'),
(100, 17, 3, NULL, NULL, NULL, NULL, 0, 0, 0, NULL, NULL, NULL, '2024-01-25 01:07:17', '2024-01-25 01:07:17'),
(101, 17, 4, NULL, NULL, NULL, NULL, 0, 0, 0, NULL, NULL, NULL, '2024-01-25 01:07:17', '2024-01-25 01:07:17'),
(102, 17, 5, NULL, NULL, NULL, NULL, 0, 0, 0, NULL, NULL, NULL, '2024-01-25 01:07:17', '2024-01-25 01:07:17'),
(103, 18, 1, NULL, NULL, NULL, NULL, 0, 0, 0, NULL, NULL, NULL, '2024-01-25 01:07:17', '2024-01-25 01:07:17'),
(104, 18, NULL, NULL, 65, 65, 70, 0, 0, 0, 'DEFAULT', NULL, 'DEFAULT', '2024-01-25 01:07:17', '2024-02-02 01:27:04'),
(105, 18, 2, NULL, NULL, NULL, NULL, 0, 0, 0, NULL, NULL, NULL, '2024-01-25 01:07:18', '2024-01-25 01:07:18'),
(106, 18, 3, NULL, NULL, NULL, NULL, 0, 0, 0, NULL, NULL, NULL, '2024-01-25 01:07:18', '2024-01-25 01:07:18'),
(107, 18, 4, NULL, NULL, NULL, NULL, 0, 0, 0, NULL, NULL, NULL, '2024-01-25 01:07:18', '2024-01-25 01:07:18'),
(108, 18, 5, NULL, NULL, NULL, NULL, 0, 0, 0, NULL, NULL, NULL, '2024-01-25 01:07:18', '2024-01-25 01:07:18'),
(109, 19, 1, NULL, NULL, NULL, NULL, 0, 0, 0, NULL, NULL, NULL, '2024-01-25 01:07:18', '2024-01-25 01:07:18'),
(110, 19, NULL, NULL, 65, 65, 70, 0, 0, 0, NULL, NULL, 'DEFAULT', '2024-01-25 01:07:18', '2024-02-02 01:27:07'),
(111, 19, 2, NULL, NULL, NULL, NULL, 0, 0, 0, NULL, NULL, NULL, '2024-01-25 01:07:19', '2024-01-25 01:07:19'),
(112, 19, 3, NULL, NULL, NULL, NULL, 0, 0, 0, NULL, NULL, NULL, '2024-01-25 01:07:19', '2024-01-25 01:07:19'),
(113, 19, 4, NULL, NULL, NULL, NULL, 0, 0, 0, NULL, NULL, NULL, '2024-01-25 01:07:19', '2024-01-25 01:07:19'),
(114, 19, 5, NULL, NULL, NULL, NULL, 0, 0, 0, NULL, NULL, NULL, '2024-01-25 01:07:19', '2024-01-25 01:07:19'),
(115, 20, 1, NULL, NULL, NULL, NULL, 0, 0, 0, NULL, NULL, NULL, '2024-01-25 01:07:19', '2024-01-25 01:07:19'),
(116, 20, NULL, NULL, 65, 65, 70, 0, 0, 0, NULL, NULL, 'INC', '2024-01-25 01:07:19', '2024-02-02 01:37:57'),
(117, 20, 2, NULL, NULL, NULL, NULL, 0, 0, 0, NULL, NULL, NULL, '2024-01-25 01:07:19', '2024-01-25 01:07:19'),
(118, 20, 3, NULL, NULL, NULL, NULL, 0, 0, 0, NULL, NULL, NULL, '2024-01-25 01:07:19', '2024-01-25 01:07:19'),
(119, 20, 4, NULL, NULL, NULL, NULL, 0, 0, 0, NULL, NULL, NULL, '2024-01-25 01:07:19', '2024-01-25 01:07:19'),
(120, 20, 5, NULL, NULL, NULL, NULL, 0, 0, 0, NULL, NULL, NULL, '2024-01-25 01:07:19', '2024-01-25 01:07:19'),
(121, 21, 1, NULL, NULL, NULL, NULL, 0, 0, 0, NULL, NULL, NULL, '2024-01-25 01:07:19', '2024-01-25 01:07:19'),
(122, 21, NULL, NULL, 65, 65, 70, 0, 0, 0, NULL, NULL, 'DEFAULT', '2024-01-25 01:07:19', '2024-02-02 01:27:14'),
(123, 21, 2, NULL, NULL, NULL, NULL, 0, 0, 0, NULL, NULL, NULL, '2024-01-25 01:07:19', '2024-01-25 01:07:19'),
(124, 21, 3, NULL, NULL, NULL, NULL, 0, 0, 0, NULL, NULL, NULL, '2024-01-25 01:07:19', '2024-01-25 01:07:19'),
(125, 21, 4, NULL, NULL, NULL, NULL, 0, 0, 0, NULL, NULL, NULL, '2024-01-25 01:07:19', '2024-01-25 01:07:19'),
(126, 21, 5, NULL, NULL, NULL, NULL, 0, 0, 0, NULL, NULL, NULL, '2024-01-25 01:07:20', '2024-01-25 01:07:20'),
(127, 1, 6, '7', NULL, NULL, NULL, 0, 0, 0, NULL, NULL, NULL, '2024-01-26 01:58:26', '2024-01-26 01:58:26'),
(128, 1, 7, '9', NULL, NULL, NULL, 0, 0, 0, NULL, NULL, NULL, '2024-01-26 01:58:26', '2024-01-26 01:58:26'),
(129, 1, 8, '67', NULL, NULL, NULL, 0, 0, 0, NULL, NULL, NULL, '2024-01-26 01:58:26', '2024-01-26 03:27:45'),
(130, 1, 9, '8', NULL, NULL, NULL, 0, 0, 0, NULL, NULL, NULL, '2024-01-26 01:58:26', '2024-01-26 01:58:26'),
(131, 1, 10, '77', NULL, NULL, NULL, 0, 0, 0, NULL, NULL, NULL, '2024-01-26 01:58:26', '2024-01-26 01:58:26'),
(132, 2, 6, NULL, NULL, NULL, NULL, 0, 0, 0, NULL, NULL, NULL, '2024-01-26 01:58:27', '2024-01-26 01:58:27'),
(133, 2, 7, NULL, NULL, NULL, NULL, 0, 0, 0, NULL, NULL, NULL, '2024-01-26 01:58:27', '2024-01-26 01:58:27'),
(134, 2, 8, NULL, NULL, NULL, NULL, 0, 0, 0, NULL, NULL, NULL, '2024-01-26 01:58:27', '2024-01-26 01:58:27'),
(135, 2, 9, NULL, NULL, NULL, NULL, 0, 0, 0, NULL, NULL, NULL, '2024-01-26 01:58:27', '2024-01-26 01:58:27'),
(136, 2, 10, NULL, NULL, NULL, NULL, 0, 0, 0, NULL, NULL, NULL, '2024-01-26 01:58:27', '2024-01-26 01:58:27'),
(137, 3, 6, NULL, NULL, NULL, NULL, 0, 0, 0, NULL, NULL, NULL, '2024-01-26 01:58:27', '2024-01-26 01:58:27'),
(138, 3, 7, NULL, NULL, NULL, NULL, 0, 0, 0, NULL, NULL, NULL, '2024-01-26 01:58:27', '2024-01-26 01:58:27'),
(139, 3, 8, NULL, NULL, NULL, NULL, 0, 0, 0, NULL, NULL, NULL, '2024-01-26 01:58:27', '2024-01-26 01:58:27'),
(140, 3, 9, NULL, NULL, NULL, NULL, 0, 0, 0, NULL, NULL, NULL, '2024-01-26 01:58:28', '2024-01-26 01:58:28'),
(141, 3, 10, NULL, NULL, NULL, NULL, 0, 0, 0, NULL, NULL, NULL, '2024-01-26 01:58:28', '2024-01-26 01:58:28'),
(142, 4, 6, NULL, NULL, NULL, NULL, 0, 0, 0, NULL, NULL, NULL, '2024-01-26 01:58:28', '2024-01-26 01:58:28'),
(143, 4, 7, NULL, NULL, NULL, NULL, 0, 0, 0, NULL, NULL, NULL, '2024-01-26 01:58:28', '2024-01-26 01:58:28'),
(144, 4, 8, NULL, NULL, NULL, NULL, 0, 0, 0, NULL, NULL, NULL, '2024-01-26 01:58:28', '2024-01-26 01:58:28'),
(145, 4, 9, NULL, NULL, NULL, NULL, 0, 0, 0, NULL, NULL, NULL, '2024-01-26 01:58:28', '2024-01-26 01:58:28'),
(146, 4, 10, NULL, NULL, NULL, NULL, 0, 0, 0, NULL, NULL, NULL, '2024-01-26 01:58:29', '2024-01-26 01:58:29'),
(147, 5, 6, NULL, NULL, NULL, NULL, 0, 0, 0, NULL, NULL, NULL, '2024-01-26 01:58:29', '2024-01-26 01:58:29'),
(148, 5, 7, NULL, NULL, NULL, NULL, 0, 0, 0, NULL, NULL, NULL, '2024-01-26 01:58:29', '2024-01-26 01:58:29'),
(149, 5, 8, NULL, NULL, NULL, NULL, 0, 0, 0, NULL, NULL, NULL, '2024-01-26 01:58:29', '2024-01-26 01:58:29'),
(150, 5, 9, NULL, NULL, NULL, NULL, 0, 0, 0, NULL, NULL, NULL, '2024-01-26 01:58:29', '2024-01-26 01:58:29'),
(151, 5, 10, NULL, NULL, NULL, NULL, 0, 0, 0, NULL, NULL, NULL, '2024-01-26 01:58:29', '2024-01-26 01:58:29'),
(152, 6, 6, NULL, NULL, NULL, NULL, 0, 0, 0, NULL, NULL, NULL, '2024-01-26 01:58:29', '2024-01-26 01:58:29'),
(153, 6, 7, NULL, NULL, NULL, NULL, 0, 0, 0, NULL, NULL, NULL, '2024-01-26 01:58:29', '2024-01-26 01:58:29'),
(154, 6, 8, NULL, NULL, NULL, NULL, 0, 0, 0, NULL, NULL, NULL, '2024-01-26 01:58:30', '2024-01-26 01:58:30'),
(155, 6, 9, NULL, NULL, NULL, NULL, 0, 0, 0, NULL, NULL, NULL, '2024-01-26 01:58:30', '2024-01-26 01:58:30'),
(156, 6, 10, NULL, NULL, NULL, NULL, 0, 0, 0, NULL, NULL, NULL, '2024-01-26 01:58:30', '2024-01-26 01:58:30'),
(157, 7, 6, NULL, NULL, NULL, NULL, 0, 0, 0, NULL, NULL, NULL, '2024-01-26 01:58:30', '2024-01-26 01:58:30'),
(158, 7, 7, NULL, NULL, NULL, NULL, 0, 0, 0, NULL, NULL, NULL, '2024-01-26 01:58:30', '2024-01-26 01:58:30'),
(159, 7, 8, NULL, NULL, NULL, NULL, 0, 0, 0, NULL, NULL, NULL, '2024-01-26 01:58:30', '2024-01-26 01:58:30'),
(160, 7, 9, NULL, NULL, NULL, NULL, 0, 0, 0, NULL, NULL, NULL, '2024-01-26 01:58:30', '2024-01-26 01:58:30'),
(161, 7, 10, NULL, NULL, NULL, NULL, 0, 0, 0, NULL, NULL, NULL, '2024-01-26 01:58:30', '2024-01-26 01:58:30'),
(162, 8, 6, NULL, NULL, NULL, NULL, 0, 0, 0, NULL, NULL, NULL, '2024-01-26 01:58:30', '2024-01-26 01:58:30'),
(163, 8, 7, NULL, NULL, NULL, NULL, 0, 0, 0, NULL, NULL, NULL, '2024-01-26 01:58:30', '2024-01-26 01:58:30'),
(164, 8, 8, NULL, NULL, NULL, NULL, 0, 0, 0, NULL, NULL, NULL, '2024-01-26 01:58:30', '2024-01-26 01:58:30'),
(165, 8, 9, NULL, NULL, NULL, NULL, 0, 0, 0, NULL, NULL, NULL, '2024-01-26 01:58:31', '2024-01-26 01:58:31'),
(166, 8, 10, NULL, NULL, NULL, NULL, 0, 0, 0, NULL, NULL, NULL, '2024-01-26 01:58:31', '2024-01-26 01:58:31'),
(167, 9, 6, NULL, NULL, NULL, NULL, 0, 0, 0, NULL, NULL, NULL, '2024-01-26 01:58:31', '2024-01-26 01:58:31'),
(168, 9, 7, NULL, NULL, NULL, NULL, 0, 0, 0, NULL, NULL, NULL, '2024-01-26 01:58:31', '2024-01-26 01:58:31'),
(169, 9, 8, NULL, NULL, NULL, NULL, 0, 0, 0, NULL, NULL, NULL, '2024-01-26 01:58:31', '2024-01-26 01:58:31'),
(170, 9, 9, NULL, NULL, NULL, NULL, 0, 0, 0, NULL, NULL, NULL, '2024-01-26 01:58:31', '2024-01-26 01:58:31'),
(171, 9, 10, NULL, NULL, NULL, NULL, 0, 0, 0, NULL, NULL, NULL, '2024-01-26 01:58:31', '2024-01-26 01:58:31'),
(172, 10, 6, NULL, NULL, NULL, NULL, 0, 0, 0, NULL, NULL, NULL, '2024-01-26 01:58:31', '2024-01-26 01:58:31'),
(173, 10, 7, NULL, NULL, NULL, NULL, 0, 0, 0, NULL, NULL, NULL, '2024-01-26 01:58:31', '2024-01-26 01:58:31'),
(174, 10, 8, NULL, NULL, NULL, NULL, 0, 0, 0, NULL, NULL, NULL, '2024-01-26 01:58:31', '2024-01-26 01:58:31'),
(175, 10, 9, NULL, NULL, NULL, NULL, 0, 0, 0, NULL, NULL, NULL, '2024-01-26 01:58:32', '2024-01-26 01:58:32'),
(176, 10, 10, NULL, NULL, NULL, NULL, 0, 0, 0, NULL, NULL, NULL, '2024-01-26 01:58:32', '2024-01-26 01:58:32'),
(177, 11, 6, NULL, NULL, NULL, NULL, 0, 0, 0, NULL, NULL, NULL, '2024-01-26 01:58:32', '2024-01-26 01:58:32'),
(178, 11, 7, NULL, NULL, NULL, NULL, 0, 0, 0, NULL, NULL, NULL, '2024-01-26 01:58:32', '2024-01-26 01:58:32'),
(179, 11, 8, NULL, NULL, NULL, NULL, 0, 0, 0, NULL, NULL, NULL, '2024-01-26 01:58:32', '2024-01-26 01:58:32'),
(180, 11, 9, NULL, NULL, NULL, NULL, 0, 0, 0, NULL, NULL, NULL, '2024-01-26 01:58:32', '2024-01-26 01:58:32'),
(181, 11, 10, NULL, NULL, NULL, NULL, 0, 0, 0, NULL, NULL, NULL, '2024-01-26 01:58:32', '2024-01-26 01:58:32'),
(182, 12, 6, NULL, NULL, NULL, NULL, 0, 0, 0, NULL, NULL, NULL, '2024-01-26 01:58:32', '2024-01-26 01:58:32'),
(183, 12, 7, NULL, NULL, NULL, NULL, 0, 0, 0, NULL, NULL, NULL, '2024-01-26 01:58:32', '2024-01-26 01:58:32'),
(184, 12, 8, NULL, NULL, NULL, NULL, 0, 0, 0, NULL, NULL, NULL, '2024-01-26 01:58:33', '2024-01-26 01:58:33'),
(185, 12, 9, NULL, NULL, NULL, NULL, 0, 0, 0, NULL, NULL, NULL, '2024-01-26 01:58:33', '2024-01-26 01:58:33'),
(186, 12, 10, NULL, NULL, NULL, NULL, 0, 0, 0, NULL, NULL, NULL, '2024-01-26 01:58:33', '2024-01-26 01:58:33'),
(187, 13, 6, NULL, NULL, NULL, NULL, 0, 0, 0, NULL, NULL, NULL, '2024-01-26 01:58:33', '2024-01-26 01:58:33'),
(188, 13, 7, NULL, NULL, NULL, NULL, 0, 0, 0, NULL, NULL, NULL, '2024-01-26 01:58:33', '2024-01-26 01:58:33'),
(189, 13, 8, NULL, NULL, NULL, NULL, 0, 0, 0, NULL, NULL, NULL, '2024-01-26 01:58:33', '2024-01-26 01:58:33'),
(190, 13, 9, NULL, NULL, NULL, NULL, 0, 0, 0, NULL, NULL, NULL, '2024-01-26 01:58:33', '2024-01-26 01:58:33'),
(191, 13, 10, NULL, NULL, NULL, NULL, 0, 0, 0, NULL, NULL, NULL, '2024-01-26 01:58:33', '2024-01-26 01:58:33'),
(192, 14, 6, NULL, NULL, NULL, NULL, 0, 0, 0, NULL, NULL, NULL, '2024-01-26 01:58:33', '2024-01-26 01:58:33'),
(193, 14, 7, NULL, NULL, NULL, NULL, 0, 0, 0, NULL, NULL, NULL, '2024-01-26 01:58:33', '2024-01-26 01:58:33'),
(194, 14, 8, NULL, NULL, NULL, NULL, 0, 0, 0, NULL, NULL, NULL, '2024-01-26 01:58:34', '2024-01-26 01:58:34'),
(195, 14, 9, NULL, NULL, NULL, NULL, 0, 0, 0, NULL, NULL, NULL, '2024-01-26 01:58:34', '2024-01-26 01:58:34'),
(196, 14, 10, NULL, NULL, NULL, NULL, 0, 0, 0, NULL, NULL, NULL, '2024-01-26 01:58:34', '2024-01-26 01:58:34'),
(197, 15, 6, NULL, NULL, NULL, NULL, 0, 0, 0, NULL, NULL, NULL, '2024-01-26 01:58:34', '2024-01-26 01:58:34'),
(198, 15, 7, NULL, NULL, NULL, NULL, 0, 0, 0, NULL, NULL, NULL, '2024-01-26 01:58:34', '2024-01-26 01:58:34'),
(199, 15, 8, NULL, NULL, NULL, NULL, 0, 0, 0, NULL, NULL, NULL, '2024-01-26 01:58:34', '2024-01-26 01:58:34'),
(200, 15, 9, NULL, NULL, NULL, NULL, 0, 0, 0, NULL, NULL, NULL, '2024-01-26 01:58:34', '2024-01-26 01:58:34'),
(201, 15, 10, NULL, NULL, NULL, NULL, 0, 0, 0, NULL, NULL, NULL, '2024-01-26 01:58:34', '2024-01-26 01:58:34'),
(202, 16, 6, NULL, NULL, NULL, NULL, 0, 0, 0, NULL, NULL, NULL, '2024-01-26 01:58:34', '2024-01-26 01:58:34'),
(203, 16, 7, NULL, NULL, NULL, NULL, 0, 0, 0, NULL, NULL, NULL, '2024-01-26 01:58:34', '2024-01-26 01:58:34'),
(204, 16, 8, NULL, NULL, NULL, NULL, 0, 0, 0, NULL, NULL, NULL, '2024-01-26 01:58:34', '2024-01-26 01:58:34'),
(205, 16, 9, NULL, NULL, NULL, NULL, 0, 0, 0, NULL, NULL, NULL, '2024-01-26 01:58:35', '2024-01-26 01:58:35'),
(206, 16, 10, NULL, NULL, NULL, NULL, 0, 0, 0, NULL, NULL, NULL, '2024-01-26 01:58:35', '2024-01-26 01:58:35'),
(207, 17, 6, NULL, NULL, NULL, NULL, 0, 0, 0, NULL, NULL, NULL, '2024-01-26 01:58:35', '2024-01-26 01:58:35'),
(208, 17, 7, NULL, NULL, NULL, NULL, 0, 0, 0, NULL, NULL, NULL, '2024-01-26 01:58:35', '2024-01-26 01:58:35'),
(209, 17, 8, NULL, NULL, NULL, NULL, 0, 0, 0, NULL, NULL, NULL, '2024-01-26 01:58:35', '2024-01-26 01:58:35'),
(210, 17, 9, NULL, NULL, NULL, NULL, 0, 0, 0, NULL, NULL, NULL, '2024-01-26 01:58:35', '2024-01-26 01:58:35'),
(211, 17, 10, NULL, NULL, NULL, NULL, 0, 0, 0, NULL, NULL, NULL, '2024-01-26 01:58:35', '2024-01-26 01:58:35'),
(212, 18, 6, NULL, NULL, NULL, NULL, 0, 0, 0, NULL, NULL, NULL, '2024-01-26 01:58:35', '2024-01-26 01:58:35'),
(213, 18, 7, NULL, NULL, NULL, NULL, 0, 0, 0, NULL, NULL, NULL, '2024-01-26 01:58:35', '2024-01-26 01:58:35'),
(214, 18, 8, NULL, NULL, NULL, NULL, 0, 0, 0, NULL, NULL, NULL, '2024-01-26 01:58:36', '2024-01-26 01:58:36'),
(215, 18, 9, NULL, NULL, NULL, NULL, 0, 0, 0, NULL, NULL, NULL, '2024-01-26 01:58:36', '2024-01-26 01:58:36'),
(216, 18, 10, NULL, NULL, NULL, NULL, 0, 0, 0, NULL, NULL, NULL, '2024-01-26 01:58:36', '2024-01-26 01:58:36'),
(217, 19, 6, NULL, NULL, NULL, NULL, 0, 0, 0, NULL, NULL, NULL, '2024-01-26 01:58:36', '2024-01-26 01:58:36'),
(218, 19, 7, NULL, NULL, NULL, NULL, 0, 0, 0, NULL, NULL, NULL, '2024-01-26 01:58:36', '2024-01-26 01:58:36'),
(219, 19, 8, NULL, NULL, NULL, NULL, 0, 0, 0, NULL, NULL, NULL, '2024-01-26 01:58:36', '2024-01-26 01:58:36'),
(220, 19, 9, NULL, NULL, NULL, NULL, 0, 0, 0, NULL, NULL, NULL, '2024-01-26 01:58:36', '2024-01-26 01:58:36'),
(221, 19, 10, NULL, NULL, NULL, NULL, 0, 0, 0, NULL, NULL, NULL, '2024-01-26 01:58:36', '2024-01-26 01:58:36'),
(222, 20, 6, NULL, NULL, NULL, NULL, 0, 0, 0, NULL, NULL, NULL, '2024-01-26 01:58:36', '2024-01-26 01:58:36'),
(223, 20, 7, NULL, NULL, NULL, NULL, 0, 0, 0, NULL, NULL, NULL, '2024-01-26 01:58:37', '2024-01-26 01:58:37'),
(224, 20, 8, NULL, NULL, NULL, NULL, 0, 0, 0, NULL, NULL, NULL, '2024-01-26 01:58:37', '2024-01-26 01:58:37'),
(225, 20, 9, NULL, NULL, NULL, NULL, 0, 0, 0, NULL, NULL, NULL, '2024-01-26 01:58:37', '2024-01-26 01:58:37'),
(226, 20, 10, NULL, NULL, NULL, NULL, 0, 0, 0, NULL, NULL, NULL, '2024-01-26 01:58:37', '2024-01-26 01:58:37'),
(227, 21, 6, NULL, NULL, NULL, NULL, 0, 0, 0, NULL, NULL, NULL, '2024-01-26 01:58:37', '2024-01-26 01:58:37'),
(228, 21, 7, NULL, NULL, NULL, NULL, 0, 0, 0, NULL, NULL, NULL, '2024-01-26 01:58:37', '2024-01-26 01:58:37'),
(229, 21, 8, NULL, NULL, NULL, NULL, 0, 0, 0, NULL, NULL, NULL, '2024-01-26 01:58:37', '2024-01-26 01:58:37'),
(230, 21, 9, NULL, NULL, NULL, NULL, 0, 0, 0, NULL, NULL, NULL, '2024-01-26 01:58:37', '2024-01-26 01:58:37'),
(231, 21, 10, NULL, NULL, NULL, NULL, 0, 0, 0, NULL, NULL, NULL, '2024-01-26 01:58:37', '2024-01-26 01:58:37'),
(232, 1, 11, '7', NULL, NULL, NULL, 0, 0, 0, NULL, NULL, NULL, '2024-01-26 04:38:58', '2024-01-26 04:38:58'),
(233, 1, 12, '13', NULL, NULL, NULL, 0, 0, 0, NULL, NULL, NULL, '2024-01-26 04:38:58', '2024-01-26 04:38:58'),
(234, 1, 13, '78', NULL, NULL, NULL, 0, 0, 0, NULL, NULL, NULL, '2024-01-26 04:38:58', '2024-01-26 04:38:58'),
(235, 1, 14, '10', NULL, NULL, NULL, 0, 0, 0, NULL, NULL, NULL, '2024-01-26 04:38:58', '2024-01-26 04:38:58'),
(236, 1, 15, '78', NULL, NULL, NULL, 0, 0, 0, NULL, NULL, NULL, '2024-01-26 04:38:58', '2024-01-26 04:38:58'),
(237, 2, 11, NULL, NULL, NULL, NULL, 0, 0, 0, NULL, NULL, NULL, '2024-01-26 04:38:59', '2024-01-26 04:38:59'),
(238, 2, 12, NULL, NULL, NULL, NULL, 0, 0, 0, NULL, NULL, NULL, '2024-01-26 04:38:59', '2024-01-26 04:38:59'),
(239, 2, 13, NULL, NULL, NULL, NULL, 0, 0, 0, NULL, NULL, NULL, '2024-01-26 04:38:59', '2024-01-26 04:38:59'),
(240, 2, 14, NULL, NULL, NULL, NULL, 0, 0, 0, NULL, NULL, NULL, '2024-01-26 04:38:59', '2024-01-26 04:38:59'),
(241, 2, 15, NULL, NULL, NULL, NULL, 0, 0, 0, NULL, NULL, NULL, '2024-01-26 04:39:00', '2024-01-26 04:39:00'),
(242, 3, 11, NULL, NULL, NULL, NULL, 0, 0, 0, NULL, NULL, NULL, '2024-01-26 04:39:00', '2024-01-26 04:39:00'),
(243, 3, 12, NULL, NULL, NULL, NULL, 0, 0, 0, NULL, NULL, NULL, '2024-01-26 04:39:00', '2024-01-26 04:39:00'),
(244, 3, 13, NULL, NULL, NULL, NULL, 0, 0, 0, NULL, NULL, NULL, '2024-01-26 04:39:00', '2024-01-26 04:39:00'),
(245, 3, 14, NULL, NULL, NULL, NULL, 0, 0, 0, NULL, NULL, NULL, '2024-01-26 04:39:00', '2024-01-26 04:39:00'),
(246, 3, 15, NULL, NULL, NULL, NULL, 0, 0, 0, NULL, NULL, NULL, '2024-01-26 04:39:00', '2024-01-26 04:39:00'),
(247, 4, 11, NULL, NULL, NULL, NULL, 0, 0, 0, NULL, NULL, NULL, '2024-01-26 04:39:01', '2024-01-26 04:39:01'),
(248, 4, 12, NULL, NULL, NULL, NULL, 0, 0, 0, NULL, NULL, NULL, '2024-01-26 04:39:01', '2024-01-26 04:39:01'),
(249, 4, 13, NULL, NULL, NULL, NULL, 0, 0, 0, NULL, NULL, NULL, '2024-01-26 04:39:01', '2024-01-26 04:39:01'),
(250, 4, 14, NULL, NULL, NULL, NULL, 0, 0, 0, NULL, NULL, NULL, '2024-01-26 04:39:01', '2024-01-26 04:39:01'),
(251, 4, 15, NULL, NULL, NULL, NULL, 0, 0, 0, NULL, NULL, NULL, '2024-01-26 04:39:01', '2024-01-26 04:39:01'),
(252, 5, 11, NULL, NULL, NULL, NULL, 0, 0, 0, NULL, NULL, NULL, '2024-01-26 04:39:02', '2024-01-26 04:39:02'),
(253, 5, 12, NULL, NULL, NULL, NULL, 0, 0, 0, NULL, NULL, NULL, '2024-01-26 04:39:02', '2024-01-26 04:39:02'),
(254, 5, 13, NULL, NULL, NULL, NULL, 0, 0, 0, NULL, NULL, NULL, '2024-01-26 04:39:02', '2024-01-26 04:39:02'),
(255, 5, 14, NULL, NULL, NULL, NULL, 0, 0, 0, NULL, NULL, NULL, '2024-01-26 04:39:02', '2024-01-26 04:39:02'),
(256, 5, 15, NULL, NULL, NULL, NULL, 0, 0, 0, NULL, NULL, NULL, '2024-01-26 04:39:02', '2024-01-26 04:39:02'),
(257, 6, 11, NULL, NULL, NULL, NULL, 0, 0, 0, NULL, NULL, NULL, '2024-01-26 04:39:02', '2024-01-26 04:39:02'),
(258, 6, 12, NULL, NULL, NULL, NULL, 0, 0, 0, NULL, NULL, NULL, '2024-01-26 04:39:03', '2024-01-26 04:39:03'),
(259, 6, 13, NULL, NULL, NULL, NULL, 0, 0, 0, NULL, NULL, NULL, '2024-01-26 04:39:03', '2024-01-26 04:39:03'),
(260, 6, 14, NULL, NULL, NULL, NULL, 0, 0, 0, NULL, NULL, NULL, '2024-01-26 04:39:03', '2024-01-26 04:39:03'),
(261, 6, 15, NULL, NULL, NULL, NULL, 0, 0, 0, NULL, NULL, NULL, '2024-01-26 04:39:03', '2024-01-26 04:39:03'),
(262, 7, 11, NULL, NULL, NULL, NULL, 0, 0, 0, NULL, NULL, NULL, '2024-01-26 04:39:03', '2024-01-26 04:39:03'),
(263, 7, 12, NULL, NULL, NULL, NULL, 0, 0, 0, NULL, NULL, NULL, '2024-01-26 04:39:03', '2024-01-26 04:39:03'),
(264, 7, 13, NULL, NULL, NULL, NULL, 0, 0, 0, NULL, NULL, NULL, '2024-01-26 04:39:03', '2024-01-26 04:39:03'),
(265, 7, 14, NULL, NULL, NULL, NULL, 0, 0, 0, NULL, NULL, NULL, '2024-01-26 04:39:04', '2024-01-26 04:39:04'),
(266, 7, 15, NULL, NULL, NULL, NULL, 0, 0, 0, NULL, NULL, NULL, '2024-01-26 04:39:04', '2024-01-26 04:39:04'),
(267, 8, 11, NULL, NULL, NULL, NULL, 0, 0, 0, NULL, NULL, NULL, '2024-01-26 04:39:04', '2024-01-26 04:39:04'),
(268, 8, 12, NULL, NULL, NULL, NULL, 0, 0, 0, NULL, NULL, NULL, '2024-01-26 04:39:04', '2024-01-26 04:39:04'),
(269, 8, 13, NULL, NULL, NULL, NULL, 0, 0, 0, NULL, NULL, NULL, '2024-01-26 04:39:04', '2024-01-26 04:39:04'),
(270, 8, 14, NULL, NULL, NULL, NULL, 0, 0, 0, NULL, NULL, NULL, '2024-01-26 04:39:04', '2024-01-26 04:39:04'),
(271, 8, 15, NULL, NULL, NULL, NULL, 0, 0, 0, NULL, NULL, NULL, '2024-01-26 04:39:04', '2024-01-26 04:39:04'),
(272, 9, 11, NULL, NULL, NULL, NULL, 0, 0, 0, NULL, NULL, NULL, '2024-01-26 04:39:05', '2024-01-26 04:39:05'),
(273, 9, 12, NULL, NULL, NULL, NULL, 0, 0, 0, NULL, NULL, NULL, '2024-01-26 04:39:05', '2024-01-26 04:39:05'),
(274, 9, 13, NULL, NULL, NULL, NULL, 0, 0, 0, NULL, NULL, NULL, '2024-01-26 04:39:05', '2024-01-26 04:39:05'),
(275, 9, 14, NULL, NULL, NULL, NULL, 0, 0, 0, NULL, NULL, NULL, '2024-01-26 04:39:05', '2024-01-26 04:39:05'),
(276, 9, 15, NULL, NULL, NULL, NULL, 0, 0, 0, NULL, NULL, NULL, '2024-01-26 04:39:05', '2024-01-26 04:39:05'),
(277, 10, 11, NULL, NULL, NULL, NULL, 0, 0, 0, NULL, NULL, NULL, '2024-01-26 04:39:06', '2024-01-26 04:39:06'),
(278, 10, 12, NULL, NULL, NULL, NULL, 0, 0, 0, NULL, NULL, NULL, '2024-01-26 04:39:06', '2024-01-26 04:39:06'),
(279, 10, 13, NULL, NULL, NULL, NULL, 0, 0, 0, NULL, NULL, NULL, '2024-01-26 04:39:06', '2024-01-26 04:39:06'),
(280, 10, 14, NULL, NULL, NULL, NULL, 0, 0, 0, NULL, NULL, NULL, '2024-01-26 04:39:06', '2024-01-26 04:39:06'),
(281, 10, 15, NULL, NULL, NULL, NULL, 0, 0, 0, NULL, NULL, NULL, '2024-01-26 04:39:06', '2024-01-26 04:39:06'),
(282, 11, 11, NULL, NULL, NULL, NULL, 0, 0, 0, NULL, NULL, NULL, '2024-01-26 04:39:07', '2024-01-26 04:39:07'),
(283, 11, 12, NULL, NULL, NULL, NULL, 0, 0, 0, NULL, NULL, NULL, '2024-01-26 04:39:07', '2024-01-26 04:39:07'),
(284, 11, 13, NULL, NULL, NULL, NULL, 0, 0, 0, NULL, NULL, NULL, '2024-01-26 04:39:07', '2024-01-26 04:39:07'),
(285, 11, 14, NULL, NULL, NULL, NULL, 0, 0, 0, NULL, NULL, NULL, '2024-01-26 04:39:07', '2024-01-26 04:39:07'),
(286, 11, 15, NULL, NULL, NULL, NULL, 0, 0, 0, NULL, NULL, NULL, '2024-01-26 04:39:07', '2024-01-26 04:39:07'),
(287, 12, 11, NULL, NULL, NULL, NULL, 0, 0, 0, NULL, NULL, NULL, '2024-01-26 04:39:08', '2024-01-26 04:39:08'),
(288, 12, 12, NULL, NULL, NULL, NULL, 0, 0, 0, NULL, NULL, NULL, '2024-01-26 04:39:08', '2024-01-26 04:39:08'),
(289, 12, 13, NULL, NULL, NULL, NULL, 0, 0, 0, NULL, NULL, NULL, '2024-01-26 04:39:08', '2024-01-26 04:39:08'),
(290, 12, 14, NULL, NULL, NULL, NULL, 0, 0, 0, NULL, NULL, NULL, '2024-01-26 04:39:08', '2024-01-26 04:39:08'),
(291, 12, 15, NULL, NULL, NULL, NULL, 0, 0, 0, NULL, NULL, NULL, '2024-01-26 04:39:08', '2024-01-26 04:39:08'),
(292, 13, 11, NULL, NULL, NULL, NULL, 0, 0, 0, NULL, NULL, NULL, '2024-01-26 04:39:09', '2024-01-26 04:39:09'),
(293, 13, 12, NULL, NULL, NULL, NULL, 0, 0, 0, NULL, NULL, NULL, '2024-01-26 04:39:09', '2024-01-26 04:39:09'),
(294, 13, 13, NULL, NULL, NULL, NULL, 0, 0, 0, NULL, NULL, NULL, '2024-01-26 04:39:09', '2024-01-26 04:39:09'),
(295, 13, 14, NULL, NULL, NULL, NULL, 0, 0, 0, NULL, NULL, NULL, '2024-01-26 04:39:09', '2024-01-26 04:39:09'),
(296, 13, 15, NULL, NULL, NULL, NULL, 0, 0, 0, NULL, NULL, NULL, '2024-01-26 04:39:09', '2024-01-26 04:39:09'),
(297, 14, 11, NULL, NULL, NULL, NULL, 0, 0, 0, NULL, NULL, NULL, '2024-01-26 04:39:09', '2024-01-26 04:39:09'),
(298, 14, 12, NULL, NULL, NULL, NULL, 0, 0, 0, NULL, NULL, NULL, '2024-01-26 04:39:09', '2024-01-26 04:39:09'),
(299, 14, 13, NULL, NULL, NULL, NULL, 0, 0, 0, NULL, NULL, NULL, '2024-01-26 04:39:10', '2024-01-26 04:39:10'),
(300, 14, 14, NULL, NULL, NULL, NULL, 0, 0, 0, NULL, NULL, NULL, '2024-01-26 04:39:10', '2024-01-26 04:39:10'),
(301, 14, 15, NULL, NULL, NULL, NULL, 0, 0, 0, NULL, NULL, NULL, '2024-01-26 04:39:10', '2024-01-26 04:39:10'),
(302, 15, 11, NULL, NULL, NULL, NULL, 0, 0, 0, NULL, NULL, NULL, '2024-01-26 04:39:10', '2024-01-26 04:39:10'),
(303, 15, 12, NULL, NULL, NULL, NULL, 0, 0, 0, NULL, NULL, NULL, '2024-01-26 04:39:10', '2024-01-26 04:39:10'),
(304, 15, 13, NULL, NULL, NULL, NULL, 0, 0, 0, NULL, NULL, NULL, '2024-01-26 04:39:11', '2024-01-26 04:39:11'),
(305, 15, 14, NULL, NULL, NULL, NULL, 0, 0, 0, NULL, NULL, NULL, '2024-01-26 04:39:11', '2024-01-26 04:39:11'),
(306, 15, 15, NULL, NULL, NULL, NULL, 0, 0, 0, NULL, NULL, NULL, '2024-01-26 04:39:11', '2024-01-26 04:39:11'),
(307, 16, 11, NULL, NULL, NULL, NULL, 0, 0, 0, NULL, NULL, NULL, '2024-01-26 04:39:11', '2024-01-26 04:39:11'),
(308, 16, 12, NULL, NULL, NULL, NULL, 0, 0, 0, NULL, NULL, NULL, '2024-01-26 04:39:11', '2024-01-26 04:39:11'),
(309, 16, 13, NULL, NULL, NULL, NULL, 0, 0, 0, NULL, NULL, NULL, '2024-01-26 04:39:11', '2024-01-26 04:39:11'),
(310, 16, 14, NULL, NULL, NULL, NULL, 0, 0, 0, NULL, NULL, NULL, '2024-01-26 04:39:12', '2024-01-26 04:39:12'),
(311, 16, 15, NULL, NULL, NULL, NULL, 0, 0, 0, NULL, NULL, NULL, '2024-01-26 04:39:12', '2024-01-26 04:39:12'),
(312, 17, 11, NULL, NULL, NULL, NULL, 0, 0, 0, NULL, NULL, NULL, '2024-01-26 04:39:12', '2024-01-26 04:39:12'),
(313, 17, 12, NULL, NULL, NULL, NULL, 0, 0, 0, NULL, NULL, NULL, '2024-01-26 04:39:13', '2024-01-26 04:39:13'),
(314, 17, 13, NULL, NULL, NULL, NULL, 0, 0, 0, NULL, NULL, NULL, '2024-01-26 04:39:13', '2024-01-26 04:39:13'),
(315, 17, 14, NULL, NULL, NULL, NULL, 0, 0, 0, NULL, NULL, NULL, '2024-01-26 04:39:13', '2024-01-26 04:39:13'),
(316, 17, 15, NULL, NULL, NULL, NULL, 0, 0, 0, NULL, NULL, NULL, '2024-01-26 04:39:13', '2024-01-26 04:39:13'),
(317, 18, 11, NULL, NULL, NULL, NULL, 0, 0, 0, NULL, NULL, NULL, '2024-01-26 04:39:14', '2024-01-26 04:39:14'),
(318, 18, 12, NULL, NULL, NULL, NULL, 0, 0, 0, NULL, NULL, NULL, '2024-01-26 04:39:14', '2024-01-26 04:39:14'),
(319, 18, 13, NULL, NULL, NULL, NULL, 0, 0, 0, NULL, NULL, NULL, '2024-01-26 04:39:14', '2024-01-26 04:39:14'),
(320, 18, 14, NULL, NULL, NULL, NULL, 0, 0, 0, NULL, NULL, NULL, '2024-01-26 04:39:14', '2024-01-26 04:39:14'),
(321, 18, 15, NULL, NULL, NULL, NULL, 0, 0, 0, NULL, NULL, NULL, '2024-01-26 04:39:14', '2024-01-26 04:39:14'),
(322, 19, 11, NULL, NULL, NULL, NULL, 0, 0, 0, NULL, NULL, NULL, '2024-01-26 04:39:15', '2024-01-26 04:39:15'),
(323, 19, 12, NULL, NULL, NULL, NULL, 0, 0, 0, NULL, NULL, NULL, '2024-01-26 04:39:15', '2024-01-26 04:39:15'),
(324, 19, 13, NULL, NULL, NULL, NULL, 0, 0, 0, NULL, NULL, NULL, '2024-01-26 04:39:15', '2024-01-26 04:39:15'),
(325, 19, 14, NULL, NULL, NULL, NULL, 0, 0, 0, NULL, NULL, NULL, '2024-01-26 04:39:15', '2024-01-26 04:39:15'),
(326, 19, 15, NULL, NULL, NULL, NULL, 0, 0, 0, NULL, NULL, NULL, '2024-01-26 04:39:16', '2024-01-26 04:39:16'),
(327, 20, 11, NULL, NULL, NULL, NULL, 0, 0, 0, NULL, NULL, NULL, '2024-01-26 04:39:16', '2024-01-26 04:39:16'),
(328, 20, 12, NULL, NULL, NULL, NULL, 0, 0, 0, NULL, NULL, NULL, '2024-01-26 04:39:16', '2024-01-26 04:39:16'),
(329, 20, 13, NULL, NULL, NULL, NULL, 0, 0, 0, NULL, NULL, NULL, '2024-01-26 04:39:16', '2024-01-26 04:39:16'),
(330, 20, 14, NULL, NULL, NULL, NULL, 0, 0, 0, NULL, NULL, NULL, '2024-01-26 04:39:16', '2024-01-26 04:39:16'),
(331, 20, 15, NULL, NULL, NULL, NULL, 0, 0, 0, NULL, NULL, NULL, '2024-01-26 04:39:16', '2024-01-26 04:39:16'),
(332, 21, 11, NULL, NULL, NULL, NULL, 0, 0, 0, NULL, NULL, NULL, '2024-01-26 04:39:17', '2024-01-26 04:39:17'),
(333, 21, 12, NULL, NULL, NULL, NULL, 0, 0, 0, NULL, NULL, NULL, '2024-01-26 04:39:17', '2024-01-26 04:39:17'),
(334, 21, 13, NULL, NULL, NULL, NULL, 0, 0, 0, NULL, NULL, NULL, '2024-01-26 04:39:17', '2024-01-26 04:39:17'),
(335, 21, 14, NULL, NULL, NULL, NULL, 0, 0, 0, NULL, NULL, NULL, '2024-01-26 04:39:17', '2024-01-26 04:39:17'),
(336, 21, 15, NULL, NULL, NULL, NULL, 0, 0, 0, NULL, NULL, NULL, '2024-01-26 04:39:17', '2024-01-26 04:39:17');

-- --------------------------------------------------------

--
-- Table structure for table `imported_classlist`
--

CREATE TABLE `imported_classlist` (
  `id` bigint(20) UNSIGNED NOT NULL,
  `subjects_id` bigint(20) UNSIGNED NOT NULL,
  `instructor_id` bigint(20) UNSIGNED NOT NULL,
  `days` varchar(255) NOT NULL,
  `time` varchar(255) NOT NULL,
  `room` varchar(255) NOT NULL,
  `created_at` timestamp NULL DEFAULT NULL,
  `updated_at` timestamp NULL DEFAULT NULL
) ENGINE=InnoDB DEFAULT CHARSET=utf8mb4 COLLATE=utf8mb4_unicode_ci;

--
-- Dumping data for table `imported_classlist`
--

INSERT INTO `imported_classlist` (`id`, `subjects_id`, `instructor_id`, `days`, `time`, `room`, `created_at`, `updated_at`) VALUES
(1, 1, 2, 'M/W, T', '9:00 AM-10:00 AM, 8:00 AM-11:00 AM', 'F215, CA01', '2024-01-15 18:27:40', '2024-01-15 18:27:40'),
(2, 2, 2, 'W/F, T', '9:00 AM-10:00 AM, 8:00 AM-11:00 AM', 'F215, CA01', '2024-01-18 00:09:43', '2024-01-18 00:09:43'),
(3, 3, 2, 'W/F, T', '9:00 AM-10:00 AM, 8:00 AM-11:00 AM', 'F214, CA02', '2024-01-23 18:43:17', '2024-01-23 18:43:17');

-- --------------------------------------------------------

--
-- Table structure for table `migrations`
--

CREATE TABLE `migrations` (
  `id` int(10) UNSIGNED NOT NULL,
  `migration` varchar(255) NOT NULL,
  `batch` int(11) NOT NULL
) ENGINE=InnoDB DEFAULT CHARSET=utf8mb4 COLLATE=utf8mb4_unicode_ci;

--
-- Dumping data for table `migrations`
--

INSERT INTO `migrations` (`id`, `migration`, `batch`) VALUES
(1, '2014_10_12_100000_create_password_reset_tokens_table', 1),
(2, '2019_08_19_000000_create_failed_jobs_table', 1),
(3, '2019_12_14_000001_create_personal_access_tokens_table', 1),
(4, '2023_10_07_131609_create_users_table', 1),
(5, '2023_10_08_090050_create_subjects_table', 1),
(6, '2023_10_08_090247_create_imported_classlist_table', 1),
(7, '2023_10_08_091042_create_enrolled_students_table', 1),
(8, '2023_10_30_111402_create_assessments_table', 1),
(9, '2023_10_30_111426_create_grades_table', 1),
(10, '2023_12_27_084228_create_subject_type_percentage_table', 1),
(11, '2024_01_01_080309_create_assessment_descriptions_table', 1),
(12, '2024_01_06_030600_create_semesters_table', 1);

-- --------------------------------------------------------

--
-- Table structure for table `password_reset_tokens`
--

CREATE TABLE `password_reset_tokens` (
  `email` varchar(255) NOT NULL,
  `token` varchar(255) NOT NULL,
  `created_at` timestamp NULL DEFAULT NULL
) ENGINE=InnoDB DEFAULT CHARSET=utf8mb4 COLLATE=utf8mb4_unicode_ci;

-- --------------------------------------------------------

--
-- Table structure for table `personal_access_tokens`
--

CREATE TABLE `personal_access_tokens` (
  `id` bigint(20) UNSIGNED NOT NULL,
  `tokenable_type` varchar(255) NOT NULL,
  `tokenable_id` bigint(20) UNSIGNED NOT NULL,
  `name` varchar(255) NOT NULL,
  `token` varchar(64) NOT NULL,
  `abilities` text DEFAULT NULL,
  `last_used_at` timestamp NULL DEFAULT NULL,
  `expires_at` timestamp NULL DEFAULT NULL,
  `created_at` timestamp NULL DEFAULT NULL,
  `updated_at` timestamp NULL DEFAULT NULL
) ENGINE=InnoDB DEFAULT CHARSET=utf8mb4 COLLATE=utf8mb4_unicode_ci;

-- --------------------------------------------------------

--
-- Table structure for table `semesters`
--

CREATE TABLE `semesters` (
  `id` bigint(20) UNSIGNED NOT NULL,
  `semester_name` varchar(255) NOT NULL,
  `school_year` varchar(255) NOT NULL,
  `is_current` tinyint(1) NOT NULL DEFAULT 0,
  `created_at` timestamp NULL DEFAULT NULL,
  `updated_at` timestamp NULL DEFAULT NULL
) ENGINE=InnoDB DEFAULT CHARSET=utf8mb4 COLLATE=utf8mb4_unicode_ci;

--
-- Dumping data for table `semesters`
--

INSERT INTO `semesters` (`id`, `semester_name`, `school_year`, `is_current`, `created_at`, `updated_at`) VALUES
(1, 'First Semester', '2023 - 2024', 1, '2024-01-15 18:25:47', '2024-01-29 02:46:10'),
(2, 'Second Semester', '2023 - 2024', 0, '2024-01-15 18:25:53', '2024-01-29 02:45:51'),
(3, 'Short Term', '2023 - 2024', 0, '2024-01-15 18:25:59', '2024-01-15 18:25:59');

-- --------------------------------------------------------

--
-- Table structure for table `subjects`
--

CREATE TABLE `subjects` (
  `id` bigint(20) UNSIGNED NOT NULL,
  `subject_code` varchar(255) NOT NULL,
  `description` varchar(255) NOT NULL,
  `section` varchar(255) NOT NULL,
  `term` varchar(255) NOT NULL,
  `subject_type` varchar(255) NOT NULL,
  `created_at` timestamp NULL DEFAULT NULL,
  `updated_at` timestamp NULL DEFAULT NULL
) ENGINE=InnoDB DEFAULT CHARSET=utf8mb4 COLLATE=utf8mb4_unicode_ci;

--
-- Dumping data for table `subjects`
--

INSERT INTO `subjects` (`id`, `subject_code`, `description`, `section`, `term`, `subject_type`, `created_at`, `updated_at`) VALUES
(1, 'DSALGO1', 'DATA STRUCTURES AND ALGORITHM', '2 - IDB3', 'First Semester, 2023 - 2024', 'LecLab4060', '2024-01-15 18:27:40', '2024-01-15 18:27:40'),
(2, 'DSALGO1', 'DATA STRUCTURES AND ALGORITHM', '2 - IDC3', 'First Semester, 2023 - 2024', 'LecLab4060', '2024-01-18 00:09:43', '2024-01-18 00:09:43'),
(3, 'WEBSYS2', 'WEB SYSTEM AND TECHNOLOGIES 2', '2 - IDB3', 'First Semester, 2023 - 2024', 'LecLab5050', '2024-01-23 18:43:17', '2024-01-23 18:43:17');

-- --------------------------------------------------------

--
-- Table structure for table `subject_type_percentage`
--

CREATE TABLE `subject_type_percentage` (
  `id` bigint(20) UNSIGNED NOT NULL,
  `subject_type` varchar(255) NOT NULL,
  `lec_percentage` decimal(3,2) NOT NULL,
  `lab_percentage` decimal(3,2) NOT NULL,
  `created_at` timestamp NULL DEFAULT NULL,
  `updated_at` timestamp NULL DEFAULT NULL
) ENGINE=InnoDB DEFAULT CHARSET=utf8mb4 COLLATE=utf8mb4_unicode_ci;

--
-- Dumping data for table `subject_type_percentage`
--

INSERT INTO `subject_type_percentage` (`id`, `subject_type`, `lec_percentage`, `lab_percentage`, `created_at`, `updated_at`) VALUES
(1, 'LecLab4060', 0.40, 0.60, '2024-01-15 18:23:05', '2024-01-15 18:23:05'),
(2, 'LecLab6040', 0.60, 0.40, '2024-01-15 18:23:17', '2024-01-15 18:23:17'),
(3, 'LecLab5050', 0.50, 0.50, '2024-01-15 18:23:28', '2024-01-15 18:23:28'),
(5, 'LecLab3080', 0.30, 0.80, '2024-01-29 01:43:18', '2024-01-29 01:43:18');

-- --------------------------------------------------------

--
-- Table structure for table `users`
--

CREATE TABLE `users` (
  `id` bigint(20) UNSIGNED NOT NULL,
  `id_number` varchar(255) NOT NULL,
  `name` varchar(255) NOT NULL,
  `middle_name` varchar(255) DEFAULT NULL,
  `last_name` varchar(255) DEFAULT NULL,
  `course` varchar(255) DEFAULT NULL,
  `gender` varchar(255) DEFAULT NULL,
  `password` varchar(255) NOT NULL,
  `role` tinyint(4) NOT NULL COMMENT '1=admin, 2=teacher, 3=student, 4=secretary',
  `remember_token` varchar(100) DEFAULT NULL,
  `created_at` timestamp NULL DEFAULT NULL,
  `updated_at` timestamp NULL DEFAULT NULL
) ENGINE=InnoDB DEFAULT CHARSET=utf8mb4 COLLATE=utf8mb4_unicode_ci;

--
-- Dumping data for table `users`
--

INSERT INTO `users` (`id`, `id_number`, `name`, `middle_name`, `last_name`, `course`, `gender`, `password`, `role`, `remember_token`, `created_at`, `updated_at`) VALUES
(1, 'admin', 'admin', NULL, NULL, NULL, NULL, '$2y$10$weidWnb7jVe4d28lRI1lje0W25gaqzM1NuFM5g5VX9Y/clat3nGZG', 1, '6pNZGJyXqK4AMeUksBw00jFZcK0ouue8G2YN16r5m69IX7BdDfnlCFmRcTBi', NULL, NULL),
(2, '10001000', 'Richard', 'S.', 'Deckard', NULL, NULL, '$2y$10$LGZhAJeR7JcS6IzkQahpi.9f3Is122G246QFEDb9LaYMWfNV59xbG', 2, 'ufVr4LRJWBLqz2SbloG3ZvkkeO6q1KJWsBBgV87acJVvnC5wmtzRJKzLH9Wj', '2024-01-15 18:22:17', '2024-01-15 18:22:17'),
(3, '00001000', 'Rachel', 'M.', 'Tyrell', NULL, NULL, '$2y$10$8Iw4UjTdliNxRI3pIM0zO.3/RGH40sGjLvDts1S9hvkoXWCO.4rgu', 4, 'JLHUdd4tSH7EqVKrTd98d0bC9WODK0HpakMaaBsLBcNddDc81gdev1I5Lqaj', '2024-01-15 18:22:35', '2024-01-15 18:22:35'),
(4, '20151000', 'Tariq', 'R.', 'Andrews', 'BSIT', 'Male', '$2y$10$BQjkD8mIpNsN20Ty3IRiV.932tP1WZawV4Zxpz3Y3AhwQV4f/1Xny', 3, 'KIijy6Xxu8MyIXNipKY6NE9gXfvuakV7fQVKZFWrqhzDUPxKI8NjnOCr8d7I', '2024-01-15 18:27:36', '2024-01-15 18:27:36'),
(5, '20151110', 'Raphael', 'S.', 'Archer', 'BSIT', 'Male', '$2y$10$xCtXFZqFuos.648ZmYlu3.crJsZiI2vkTb9oSnRnif.1BkoxjDRuW', 3, NULL, '2024-01-15 18:27:37', '2024-01-15 18:27:37'),
(6, '20151120', 'Brian', 'L.', 'Cooke', 'BSCS', 'Male', '$2y$10$4a0MqU07JM7LiQSiiU3tI.N8lvuC2I70GqLihOWG7efft/NTE4EKW', 3, NULL, '2024-01-15 18:27:37', '2024-01-15 18:27:37'),
(7, '20151130', 'Timothy', 'U.', 'Dejesus', 'BSCS', 'Male', '$2y$10$CHU7v4KHeKIsDDQkCkz8d.MmPwYSZztV8ijUHP8kQxmfM/EzlhJd.', 3, NULL, '2024-01-15 18:27:37', '2024-01-15 18:27:37'),
(8, '20151140', 'Vincent', 'M.', 'Fernandez', 'BSCS', 'Male', '$2y$10$Xepz3RzHmXGLshODzSG7T.mHPdBnR0VfjpcGIhDGB0tIV78V2lbjW', 3, NULL, '2024-01-15 18:27:37', '2024-01-15 18:27:37'),
(9, '20151150', 'Olly', 'P.', 'Ford', 'BSCS', 'Male', '$2y$10$dT68ed9R6HUy8GG8IUefwemYKzFmKgBfbZEao/Hy8o8Tlv7Z5iLMG', 3, NULL, '2024-01-15 18:27:37', '2024-01-15 18:27:37'),
(10, '20151160', 'Magnus', 'P.', 'Gould', 'BSCS', 'Male', '$2y$10$3GsQ9dpHxx5C38lEWMoNqeYIOnk7xy3b2W6nou/M330GTcJUhTjze', 3, NULL, '2024-01-15 18:27:38', '2024-01-15 18:27:38'),
(11, '20151170', 'Dennis', 'S.', 'Haley', 'BSCS', 'Male', '$2y$10$2jU7OOd/bfUy.niGrRQuZOIEnFpjH93mfrGJ4SasjuN7txivilvyG', 3, NULL, '2024-01-15 18:27:38', '2024-01-15 18:27:38'),
(12, '20151180', 'Jakob', 'W.', 'Harding', 'BSCS', 'Male', '$2y$10$4AmUKs788B1Ckf8v.7P7GeHIvyI2QLF6fIUSxN7BmxjG73V77l3GW', 3, NULL, '2024-01-15 18:27:38', '2024-01-15 18:27:38'),
(13, '20151190', 'Mike', 'A.', 'Ingram', 'BSCS', 'Male', '$2y$10$N9vZPkVi/iT3QmF07C8JFuVk3jfWr5Hop/7ChYQoM82cCCVfFaORu', 3, NULL, '2024-01-15 18:27:38', '2024-01-15 18:27:38'),
(14, '20151200', 'Omer', 'X.', 'Leonard', 'BSCS', 'Male', '$2y$10$.ArRXrDPubgTAclhPMkkFORBR1MIfLBpOqU6TFYaApC.S7bYedYPy', 3, NULL, '2024-01-15 18:27:38', '2024-01-15 18:27:38'),
(15, '20151210', 'Mike', 'S.', 'Morton', 'BSCS', 'Male', '$2y$10$NReM.DSFE8hlL8Z5r7Joj.aeAEiq5O1VADpF2JsF6YMZDEPrwn3p.', 3, NULL, '2024-01-15 18:27:38', '2024-01-15 18:27:38'),
(16, '20151220', 'Trystan', 'Q.', 'Mullen', 'BSCS', 'Male', '$2y$10$RSIqxvQHaHkg9u.g3thsn.V3249a96V7qG1M0A0lV0uipfwLIhxgW', 3, NULL, '2024-01-15 18:27:38', '2024-01-15 18:27:38'),
(17, '20151230', 'Dewey', 'M.', 'Stein', 'BSCS', 'Male', '$2y$10$DzlZbInR7X1gHplMNs4q1eJqRTsyyy0PQzTSF7vfydMnpl2Mr57Oa', 3, NULL, '2024-01-15 18:27:39', '2024-01-15 18:27:39'),
(18, '20151240', 'Shannon', 'H.', 'Summers', 'BSCS', 'Male', '$2y$10$uJIzS3TvwtkljBg18QUcRObr4az7Sjm1T6BgoPttSWZEnryGisECq', 3, NULL, '2024-01-15 18:27:39', '2024-01-15 18:27:39'),
(19, '20151250', 'Byron', 'Q.', 'Sweeney', 'BSCS', 'Male', '$2y$10$vK.4A8Fkf2Lu4cegW00WEuAQxcA9Bl2TS484wcDMBNfK77BVYKWfy', 3, NULL, '2024-01-15 18:27:39', '2024-01-15 18:27:39'),
(20, '20151260', 'Ishaan', 'Q.', 'Vang', 'BSCS', 'Male', '$2y$10$XAU06W/Jv1jD8Eo0.DY14Oa.BICnVwTn9UOfqiaD1GhEIN899HngW', 3, NULL, '2024-01-15 18:27:39', '2024-01-15 18:27:39'),
(21, '20151270', 'Gideon', 'C.', 'Velasquez', 'BSCS', 'Male', '$2y$10$gsMiUyjw8REbea3R1e64yOvipjd1ANA9DCtbx1qkRHmnNrp4mV5EW', 3, NULL, '2024-01-15 18:27:39', '2024-01-15 18:27:39'),
(22, '20151454', 'Eryn', 'W.', 'Douglas', 'BSIT', 'Female', '$2y$10$AnlVQ0sRMwnp417T9t6bSe36MXDe9pw4YeCjOqPsUqMmGsXqJaVXG', 3, NULL, '2024-01-15 18:27:39', '2024-01-15 18:27:39'),
(23, '20151970', 'Jayden', 'M.', 'Giles', 'BSCS', 'Female', '$2y$10$3FuY9l03CJ2bb8MpRPd7C.4XCTK4C3ohsn5psMd9DIdRWM4t1YuX.', 3, NULL, '2024-01-15 18:27:40', '2024-01-15 18:27:40'),
(24, '20151750', 'Evangeline', 'S.', 'Holloway', 'BSCS', 'Female', '$2y$10$M8cbtUZQdEGbWCoKb4l96eSFK5c7YcwGZfFzms2vveO9Jw48bwuf.', 3, NULL, '2024-01-15 18:27:40', '2024-01-15 18:27:40');

--
-- Indexes for dumped tables
--

--
-- Indexes for table `assessments`
--
ALTER TABLE `assessments`
  ADD PRIMARY KEY (`id`),
  ADD KEY `assessments_subject_id_foreign` (`subject_id`);

--
-- Indexes for table `assessment_descriptions`
--
ALTER TABLE `assessment_descriptions`
  ADD PRIMARY KEY (`id`);

--
-- Indexes for table `enrolled_students`
--
ALTER TABLE `enrolled_students`
  ADD PRIMARY KEY (`id`),
  ADD KEY `enrolled_students_student_id_foreign` (`student_id`),
  ADD KEY `enrolled_students_imported_classlist_id_foreign` (`imported_classlist_id`);

--
-- Indexes for table `failed_jobs`
--
ALTER TABLE `failed_jobs`
  ADD PRIMARY KEY (`id`),
  ADD UNIQUE KEY `failed_jobs_uuid_unique` (`uuid`);

--
-- Indexes for table `grades`
--
ALTER TABLE `grades`
  ADD PRIMARY KEY (`id`),
  ADD KEY `grades_enrolled_student_id_foreign` (`enrolled_student_id`),
  ADD KEY `grades_assessment_id_foreign` (`assessment_id`);

--
-- Indexes for table `imported_classlist`
--
ALTER TABLE `imported_classlist`
  ADD PRIMARY KEY (`id`),
  ADD KEY `imported_classlist_subjects_id_foreign` (`subjects_id`),
  ADD KEY `imported_classlist_instructor_id_foreign` (`instructor_id`);

--
-- Indexes for table `migrations`
--
ALTER TABLE `migrations`
  ADD PRIMARY KEY (`id`);

--
-- Indexes for table `password_reset_tokens`
--
ALTER TABLE `password_reset_tokens`
  ADD PRIMARY KEY (`email`);

--
-- Indexes for table `personal_access_tokens`
--
ALTER TABLE `personal_access_tokens`
  ADD PRIMARY KEY (`id`),
  ADD UNIQUE KEY `personal_access_tokens_token_unique` (`token`),
  ADD KEY `personal_access_tokens_tokenable_type_tokenable_id_index` (`tokenable_type`,`tokenable_id`);

--
-- Indexes for table `semesters`
--
ALTER TABLE `semesters`
  ADD PRIMARY KEY (`id`);

--
-- Indexes for table `subjects`
--
ALTER TABLE `subjects`
  ADD PRIMARY KEY (`id`);

--
-- Indexes for table `subject_type_percentage`
--
ALTER TABLE `subject_type_percentage`
  ADD PRIMARY KEY (`id`),
  ADD UNIQUE KEY `subject_type_percentage_subject_type_unique` (`subject_type`);

--
-- Indexes for table `users`
--
ALTER TABLE `users`
  ADD PRIMARY KEY (`id`),
  ADD UNIQUE KEY `users_id_number_unique` (`id_number`);

--
-- AUTO_INCREMENT for dumped tables
--

--
-- AUTO_INCREMENT for table `assessments`
--
ALTER TABLE `assessments`
  MODIFY `id` bigint(20) UNSIGNED NOT NULL AUTO_INCREMENT, AUTO_INCREMENT=16;

--
-- AUTO_INCREMENT for table `assessment_descriptions`
--
ALTER TABLE `assessment_descriptions`
  MODIFY `id` bigint(20) UNSIGNED NOT NULL AUTO_INCREMENT, AUTO_INCREMENT=18;

--
-- AUTO_INCREMENT for table `enrolled_students`
--
ALTER TABLE `enrolled_students`
  MODIFY `id` bigint(20) UNSIGNED NOT NULL AUTO_INCREMENT, AUTO_INCREMENT=58;

--
-- AUTO_INCREMENT for table `failed_jobs`
--
ALTER TABLE `failed_jobs`
  MODIFY `id` bigint(20) UNSIGNED NOT NULL AUTO_INCREMENT;

--
-- AUTO_INCREMENT for table `grades`
--
ALTER TABLE `grades`
  MODIFY `id` bigint(20) UNSIGNED NOT NULL AUTO_INCREMENT, AUTO_INCREMENT=337;

--
-- AUTO_INCREMENT for table `imported_classlist`
--
ALTER TABLE `imported_classlist`
  MODIFY `id` bigint(20) UNSIGNED NOT NULL AUTO_INCREMENT, AUTO_INCREMENT=4;

--
-- AUTO_INCREMENT for table `migrations`
--
ALTER TABLE `migrations`
  MODIFY `id` int(10) UNSIGNED NOT NULL AUTO_INCREMENT, AUTO_INCREMENT=13;

--
-- AUTO_INCREMENT for table `personal_access_tokens`
--
ALTER TABLE `personal_access_tokens`
  MODIFY `id` bigint(20) UNSIGNED NOT NULL AUTO_INCREMENT;

--
-- AUTO_INCREMENT for table `semesters`
--
ALTER TABLE `semesters`
  MODIFY `id` bigint(20) UNSIGNED NOT NULL AUTO_INCREMENT, AUTO_INCREMENT=4;

--
-- AUTO_INCREMENT for table `subjects`
--
ALTER TABLE `subjects`
  MODIFY `id` bigint(20) UNSIGNED NOT NULL AUTO_INCREMENT, AUTO_INCREMENT=4;

--
-- AUTO_INCREMENT for table `subject_type_percentage`
--
ALTER TABLE `subject_type_percentage`
  MODIFY `id` bigint(20) UNSIGNED NOT NULL AUTO_INCREMENT, AUTO_INCREMENT=6;

--
-- AUTO_INCREMENT for table `users`
--
ALTER TABLE `users`
  MODIFY `id` bigint(20) UNSIGNED NOT NULL AUTO_INCREMENT, AUTO_INCREMENT=26;

--
-- Constraints for dumped tables
--

--
-- Constraints for table `assessments`
--
ALTER TABLE `assessments`
  ADD CONSTRAINT `assessments_subject_id_foreign` FOREIGN KEY (`subject_id`) REFERENCES `subjects` (`id`);

--
-- Constraints for table `enrolled_students`
--
ALTER TABLE `enrolled_students`
  ADD CONSTRAINT `enrolled_students_imported_classlist_id_foreign` FOREIGN KEY (`imported_classlist_id`) REFERENCES `imported_classlist` (`id`),
  ADD CONSTRAINT `enrolled_students_student_id_foreign` FOREIGN KEY (`student_id`) REFERENCES `users` (`id`);

--
-- Constraints for table `grades`
--
ALTER TABLE `grades`
  ADD CONSTRAINT `grades_assessment_id_foreign` FOREIGN KEY (`assessment_id`) REFERENCES `assessments` (`id`),
  ADD CONSTRAINT `grades_enrolled_student_id_foreign` FOREIGN KEY (`enrolled_student_id`) REFERENCES `enrolled_students` (`id`);

--
-- Constraints for table `imported_classlist`
--
ALTER TABLE `imported_classlist`
  ADD CONSTRAINT `imported_classlist_instructor_id_foreign` FOREIGN KEY (`instructor_id`) REFERENCES `users` (`id`),
  ADD CONSTRAINT `imported_classlist_subjects_id_foreign` FOREIGN KEY (`subjects_id`) REFERENCES `subjects` (`id`);
COMMIT;

/*!40101 SET CHARACTER_SET_CLIENT=@OLD_CHARACTER_SET_CLIENT */;
/*!40101 SET CHARACTER_SET_RESULTS=@OLD_CHARACTER_SET_RESULTS */;
/*!40101 SET COLLATION_CONNECTION=@OLD_COLLATION_CONNECTION */;
